jPSXdec: PSX media decoder (non-commercial) v2.0
Windows 11 10.0
Java 1.8.0_471
2026-01-16 19:29:57
19:29 jpsxdec.cdreaders.CdOpener INFO: C:\Users\JO\Desktop\XENO_ARC\Xenogears\XenogearsUSACD2.bin
19:29 jpsxdec.cdreaders.SectorFactory INFO: Attempting to identify as 2448
19:29 jpsxdec.cdreaders.SectorFactory INFO: Attempting to identify as 2352
19:29 jpsxdec.cdreaders.SectorFactory INFO: Disc type identified as 2352
19:29 index INFO: Indexing Filename:C:\Users\JO\Desktop\XENO_ARC\Xenogears\XenogearsUSACD2.bin|Sector size:2352|Sector count:292815|First sector offset:0
19:29 jpsxdec.indexing.DiscIndexer INFO: Adding disc item Sectors:48-67432|Type:XA|File:1|Channel:1|Stereo?:Yes|Samples/Sec:37800|Bits/Sample:4|Sector stride:8|Disc speed:2x
19:29 jpsxdec.modules.video.sectorbased.fps.StrFrameRateCalc INFO: Matching fps sequence: "10.0 sectors/frame" 10 length 67250 matches@0 1:1=true
19:29 jpsxdec.modules.video.sectorbased.fps.StrFrameRateCalc INFO: Possible frame rates: [2, 5, 10] Chose 10
19:29 jpsxdec.modules.video.sectorbased.fps.StrFrameRateCalc INFO: Sectors 41-67290 (67250) frames 6725 average 10 CASE1001011 old 10 new 10 @000000 vfr false 10.0 sectors/frame
19:29 jpsxdec.indexing.DiscIndexer INFO: Adding disc item Sectors:41-67290|Type:Video|Dimensions:320x224|Frame Count:6725|Sector Frames:41-67281|Sectors/Frame:10/1|1st frame end sector:9|Header Frames:1-6725
19:29 jpsxdec.indexing.DiscIndexer INFO: Adding disc item Sectors:67440-72504|Type:XA|File:1|Channel:1|Stereo?:Yes|Samples/Sec:37800|Bits/Sample:4|Sector stride:8|Disc speed:2x
19:29 jpsxdec.modules.video.sectorbased.fps.StrFrameRateCalc INFO: Matching fps sequence: "10.0 sectors/frame" 10 length 5050 matches@0 1:1=true
19:29 jpsxdec.modules.video.sectorbased.fps.StrFrameRateCalc INFO: Possible frame rates: [2, 5, 10] Chose 10
19:29 jpsxdec.modules.video.sectorbased.fps.StrFrameRateCalc INFO: Sectors 67433-72482 (5050) frames 505 average 10 CASE1001011 old 10 new 10 @000000 vfr false 10.0 sectors/frame
19:29 jpsxdec.indexing.DiscIndexer INFO: Adding disc item Sectors:67433-72482|Type:Video|Dimensions:320x224|Frame Count:505|Sector Frames:67433-72473|Sectors/Frame:10/1|1st frame end sector:9|Header Frames:1-505
19:29 jpsxdec.indexing.DiscIndexer INFO: Adding disc item Sectors:72512-74096|Type:XA|File:1|Channel:1|Stereo?:Yes|Samples/Sec:37800|Bits/Sample:4|Sector stride:8|Disc speed:2x
19:29 jpsxdec.modules.video.sectorbased.fps.StrFrameRateCalc INFO: Matching fps sequence: "10.0 sectors/frame" 10 length 1530 matches@0 1:1=true
19:29 jpsxdec.modules.video.sectorbased.fps.StrFrameRateCalc INFO: Possible frame rates: [2, 5, 10] Chose 10
19:29 jpsxdec.modules.video.sectorbased.fps.StrFrameRateCalc INFO: Sectors 72505-74034 (1530) frames 153 average 10 CASE1001011 old 10 new 10 @000000 vfr false 10.0 sectors/frame
19:29 jpsxdec.indexing.DiscIndexer INFO: Adding disc item Sectors:72505-74034|Type:Video|Dimensions:320x224|Frame Count:153|Sector Frames:72505-74025|Sectors/Frame:10/1|1st frame end sector:9|Header Frames:1-153
19:29 jpsxdec.indexing.DiscIndexer INFO: Adding disc item Sectors:74104-79568|Type:XA|File:1|Channel:1|Stereo?:Yes|Samples/Sec:37800|Bits/Sample:4|Sector stride:8|Disc speed:2x
19:29 jpsxdec.modules.video.sectorbased.fps.StrFrameRateCalc INFO: Matching fps sequence: "10.0 sectors/frame" 10 length 5399 matches@0 1:1=true
19:29 jpsxdec.modules.video.sectorbased.fps.StrFrameRateCalc INFO: Possible frame rates: [2, 5, 10] Chose 10
19:29 jpsxdec.modules.video.sectorbased.fps.StrFrameRateCalc INFO: Sectors 74097-79495 (5399) frames 540 average 5399/540 (9.9981) CASE1001011 old 10 new 10 @000000 vfr false 10.0 sectors/frame
19:29 jpsxdec.indexing.DiscIndexer INFO: Adding disc item Sectors:74097-79495|Type:Video|Dimensions:320x224|Frame Count:540|Sector Frames:74097-79487|Sectors/Frame:10/1|1st frame end sector:9|Header Frames:1-540
19:29 jpsxdec.indexing.DiscIndexer INFO: Adding disc item Sectors:79576-117696|Type:XA|File:1|Channel:1|Stereo?:Yes|Samples/Sec:37800|Bits/Sample:4|Sector stride:8|Disc speed:2x
19:30 jpsxdec.modules.video.sectorbased.fps.StrFrameRateCalc INFO: Matching fps sequence: "10.0 sectors/frame" 10 length 37999 matches@0 1:1=true
19:30 jpsxdec.modules.video.sectorbased.fps.StrFrameRateCalc INFO: Possible frame rates: [2, 5, 10] Chose 10
19:30 jpsxdec.modules.video.sectorbased.fps.StrFrameRateCalc INFO: Sectors 79569-117567 (37999) frames 3800 average 37999/3800 (9.9997) CASE1001011 old 10 new 10 @000000 vfr false 10.0 sectors/frame
19:30 jpsxdec.indexing.DiscIndexer INFO: Adding disc item Sectors:79569-117567|Type:Video|Dimensions:320x224|Frame Count:3800|Sector Frames:79569-117559|Sectors/Frame:10/1|1st frame end sector:9|Header Frames:1-3800
19:30 jpsxdec.indexing.DiscIndexer INFO: Adding disc item Sectors:117704-120312|Type:XA|File:1|Channel:1|Stereo?:Yes|Samples/Sec:37800|Bits/Sample:4|Sector stride:8|Disc speed:2x
19:30 jpsxdec.modules.video.sectorbased.fps.StrFrameRateCalc INFO: Matching fps sequence: "10.0 sectors/frame" 10 length 2550 matches@0 1:1=true
19:30 jpsxdec.modules.video.sectorbased.fps.StrFrameRateCalc INFO: Possible frame rates: [2, 5, 10] Chose 10
19:30 jpsxdec.modules.video.sectorbased.fps.StrFrameRateCalc INFO: Sectors 117697-120246 (2550) frames 255 average 10 CASE1001011 old 10 new 10 @000000 vfr false 10.0 sectors/frame
19:30 jpsxdec.indexing.DiscIndexer INFO: Adding disc item Sectors:117697-120246|Type:Video|Dimensions:320x224|Frame Count:255|Sector Frames:117697-120237|Sectors/Frame:10/1|1st frame end sector:9|Header Frames:1-255
19:30 jpsxdec.indexing.DiscIndexer INFO: Adding disc item Sectors:120320-146856|Type:XA|File:1|Channel:1|Stereo?:Yes|Samples/Sec:37800|Bits/Sample:4|Sector stride:8|Disc speed:2x
19:30 jpsxdec.modules.video.sectorbased.fps.StrFrameRateCalc INFO: Matching fps sequence: "10.0 sectors/frame" 10 length 26519 matches@0 1:1=true
19:30 jpsxdec.modules.video.sectorbased.fps.StrFrameRateCalc INFO: Possible frame rates: [2, 5, 10] Chose 10
19:30 jpsxdec.modules.video.sectorbased.fps.StrFrameRateCalc INFO: Sectors 120313-146831 (26519) frames 2652 average 26519/2652 (9.9996) CASE1001011 old 10 new 10 @000000 vfr false 10.0 sectors/frame
19:30 jpsxdec.indexing.DiscIndexer INFO: Adding disc item Sectors:120313-146831|Type:Video|Dimensions:320x224|Frame Count:2652|Sector Frames:120313-146823|Sectors/Frame:10/1|1st frame end sector:9|Header Frames:1-2652
19:30 jpsxdec.indexing.DiscIndexer INFO: Adding disc item Sectors:146864-149312|Type:XA|File:1|Channel:1|Stereo?:Yes|Samples/Sec:37800|Bits/Sample:4|Sector stride:8|Disc speed:2x
19:30 jpsxdec.modules.video.sectorbased.fps.StrFrameRateCalc INFO: Matching fps sequence: "10.0 sectors/frame" 10 length 2370 matches@0 1:1=true
19:30 jpsxdec.modules.video.sectorbased.fps.StrFrameRateCalc INFO: Possible frame rates: [2, 5, 10] Chose 10
19:30 jpsxdec.modules.video.sectorbased.fps.StrFrameRateCalc INFO: Sectors 146857-149226 (2370) frames 237 average 10 CASE1001011 old 10 new 10 @000000 vfr false 10.0 sectors/frame
19:30 jpsxdec.indexing.DiscIndexer INFO: Adding disc item Sectors:146857-149226|Type:Video|Dimensions:320x224|Frame Count:237|Sector Frames:146857-149217|Sectors/Frame:10/1|1st frame end sector:9|Header Frames:1-237
19:30 jpsxdec.indexing.DiscIndexer INFO: Adding disc item Sectors:149320-158376|Type:XA|File:1|Channel:1|Stereo?:Yes|Samples/Sec:37800|Bits/Sample:4|Sector stride:8|Disc speed:2x
19:30 jpsxdec.modules.video.sectorbased.fps.StrFrameRateCalc INFO: Matching fps sequence: "10.0 sectors/frame" 10 length 9010 matches@0 1:1=true
19:30 jpsxdec.modules.video.sectorbased.fps.StrFrameRateCalc INFO: Possible frame rates: [2, 5, 10] Chose 10
19:30 jpsxdec.modules.video.sectorbased.fps.StrFrameRateCalc INFO: Sectors 149313-158322 (9010) frames 901 average 10 CASE1001011 old 10 new 10 @000000 vfr false 10.0 sectors/frame
19:30 jpsxdec.indexing.DiscIndexer INFO: Adding disc item Sectors:149313-158322|Type:Video|Dimensions:320x224|Frame Count:901|Sector Frames:149313-158313|Sectors/Frame:10/1|1st frame end sector:9|Header Frames:1-901
19:30 jpsxdec.indexing.DiscIndexer INFO: Adding disc item Sectors:158384-160744|Type:XA|File:1|Channel:1|Stereo?:Yes|Samples/Sec:37800|Bits/Sample:4|Sector stride:8|Disc speed:2x
19:30 jpsxdec.modules.video.sectorbased.fps.StrFrameRateCalc INFO: Matching fps sequence: "10.0 sectors/frame" 10 length 2300 matches@0 1:1=true
19:30 jpsxdec.modules.video.sectorbased.fps.StrFrameRateCalc INFO: Possible frame rates: [2, 5, 10] Chose 10
19:30 jpsxdec.modules.video.sectorbased.fps.StrFrameRateCalc INFO: Sectors 158377-160676 (2300) frames 230 average 10 CASE1001011 old 10 new 10 @000000 vfr false 10.0 sectors/frame
19:30 jpsxdec.indexing.DiscIndexer INFO: Adding disc item Sectors:158377-160676|Type:Video|Dimensions:320x224|Frame Count:230|Sector Frames:158377-160667|Sectors/Frame:10/1|1st frame end sector:9|Header Frames:1-230
19:30 jpsxdec.indexing.DiscIndexer INFO: Adding disc item Sectors:160752-166296|Type:XA|File:1|Channel:1|Stereo?:Yes|Samples/Sec:37800|Bits/Sample:4|Sector stride:8|Disc speed:2x
19:30 jpsxdec.modules.video.sectorbased.fps.StrFrameRateCalc INFO: Matching fps sequence: "10.0 sectors/frame" 10 length 5500 matches@0 1:1=true
19:30 jpsxdec.modules.video.sectorbased.fps.StrFrameRateCalc INFO: Possible frame rates: [2, 5, 10] Chose 10
19:30 jpsxdec.modules.video.sectorbased.fps.StrFrameRateCalc INFO: Sectors 160745-166244 (5500) frames 550 average 10 CASE1001011 old 10 new 10 @000000 vfr false 10.0 sectors/frame
19:30 jpsxdec.indexing.DiscIndexer INFO: Adding disc item Sectors:160745-166244|Type:Video|Dimensions:320x224|Frame Count:550|Sector Frames:160745-166235|Sectors/Frame:10/1|1st frame end sector:9|Header Frames:1-550
19:30 jpsxdec.indexing.DiscIndexer INFO: Adding disc item Sectors:166304-172872|Type:XA|File:1|Channel:1|Stereo?:Yes|Samples/Sec:37800|Bits/Sample:4|Sector stride:8|Disc speed:2x
19:30 jpsxdec.indexing.DiscIndexer INFO: Adding disc item Sectors:184618-184620|Type:Tim|Start Offset:0|Dimensions:64x64|Palettes:1|Bpp:8
19:30 jpsxdec.indexing.DiscIndexer INFO: Adding disc item Sectors:184621-184623|Type:Tim|Start Offset:0|Dimensions:64x64|Palettes:1|Bpp:8
19:30 jpsxdec.indexing.DiscIndexer INFO: Adding disc item Sectors:184624-184626|Type:Tim|Start Offset:0|Dimensions:64x64|Palettes:1|Bpp:8
19:30 jpsxdec.indexing.DiscIndexer INFO: Adding disc item Sectors:184627-184629|Type:Tim|Start Offset:0|Dimensions:64x64|Palettes:1|Bpp:8
19:30 jpsxdec.indexing.DiscIndexer INFO: Adding disc item Sectors:184630-184632|Type:Tim|Start Offset:0|Dimensions:64x64|Palettes:1|Bpp:8
19:30 jpsxdec.indexing.DiscIndexer INFO: Adding disc item Sectors:184633-184635|Type:Tim|Start Offset:0|Dimensions:64x64|Palettes:1|Bpp:8
19:30 jpsxdec.indexing.DiscIndexer INFO: Adding disc item Sectors:184636-184638|Type:Tim|Start Offset:0|Dimensions:64x64|Palettes:1|Bpp:8
19:30 jpsxdec.indexing.DiscIndexer INFO: Adding disc item Sectors:184639-184641|Type:Tim|Start Offset:0|Dimensions:64x64|Palettes:1|Bpp:8
19:30 jpsxdec.indexing.DiscIndexer INFO: Adding disc item Sectors:184642-184644|Type:Tim|Start Offset:0|Dimensions:64x64|Palettes:1|Bpp:8
19:30 jpsxdec.indexing.DiscIndexer INFO: Adding disc item Sectors:184645-184647|Type:Tim|Start Offset:0|Dimensions:64x64|Palettes:1|Bpp:8
19:30 jpsxdec.indexing.DiscIndexer INFO: Adding disc item Sectors:184648-184650|Type:Tim|Start Offset:0|Dimensions:64x64|Palettes:1|Bpp:8
19:30 jpsxdec.indexing.DiscIndexer INFO: Adding disc item Sectors:184651-184653|Type:Tim|Start Offset:0|Dimensions:64x64|Palettes:1|Bpp:8
19:30 jpsxdec.indexing.DiscIndexer INFO: Adding disc item Sectors:184654-184656|Type:Tim|Start Offset:0|Dimensions:64x64|Palettes:1|Bpp:8
19:30 jpsxdec.indexing.DiscIndexer INFO: Adding disc item Sectors:184657-184659|Type:Tim|Start Offset:0|Dimensions:64x64|Palettes:1|Bpp:8
19:30 jpsxdec.indexing.DiscIndexer INFO: Adding disc item Sectors:184660-184662|Type:Tim|Start Offset:0|Dimensions:64x64|Palettes:1|Bpp:8
19:30 jpsxdec.indexing.DiscIndexer INFO: Adding disc item Sectors:184663-184665|Type:Tim|Start Offset:0|Dimensions:64x64|Palettes:1|Bpp:8
19:30 jpsxdec.indexing.DiscIndexer INFO: Adding disc item Sectors:184666-184668|Type:Tim|Start Offset:0|Dimensions:64x64|Palettes:1|Bpp:8
19:30 jpsxdec.indexing.DiscIndexer INFO: Adding disc item Sectors:184669-184671|Type:Tim|Start Offset:0|Dimensions:64x64|Palettes:1|Bpp:8
19:30 jpsxdec.indexing.DiscIndexer INFO: Adding disc item Sectors:184672-184674|Type:Tim|Start Offset:0|Dimensions:64x64|Palettes:1|Bpp:8
19:30 jpsxdec.indexing.DiscIndexer INFO: Adding disc item Sectors:184675-184677|Type:Tim|Start Offset:0|Dimensions:64x64|Palettes:1|Bpp:8
19:30 jpsxdec.indexing.DiscIndexer INFO: Adding disc item Sectors:184678-184680|Type:Tim|Start Offset:0|Dimensions:64x64|Palettes:1|Bpp:8
19:30 jpsxdec.indexing.DiscIndexer INFO: Adding disc item Sectors:184681-184683|Type:Tim|Start Offset:0|Dimensions:64x64|Palettes:1|Bpp:8
19:30 jpsxdec.indexing.DiscIndexer INFO: Adding disc item Sectors:184684-184686|Type:Tim|Start Offset:0|Dimensions:64x64|Palettes:1|Bpp:8
19:30 jpsxdec.indexing.DiscIndexer INFO: Adding disc item Sectors:184687-184689|Type:Tim|Start Offset:0|Dimensions:64x64|Palettes:1|Bpp:8
19:30 jpsxdec.indexing.DiscIndexer INFO: Adding disc item Sectors:184690-184692|Type:Tim|Start Offset:0|Dimensions:64x64|Palettes:1|Bpp:8
19:30 jpsxdec.indexing.DiscIndexer INFO: Adding disc item Sectors:184693-184695|Type:Tim|Start Offset:0|Dimensions:64x64|Palettes:1|Bpp:8
19:30 jpsxdec.indexing.DiscIndexer INFO: Adding disc item Sectors:184696-184698|Type:Tim|Start Offset:0|Dimensions:64x64|Palettes:1|Bpp:8
19:30 jpsxdec.indexing.DiscIndexer INFO: Adding disc item Sectors:184699-184701|Type:Tim|Start Offset:0|Dimensions:64x64|Palettes:1|Bpp:8
19:30 jpsxdec.indexing.DiscIndexer INFO: Adding disc item Sectors:184702-184704|Type:Tim|Start Offset:0|Dimensions:64x64|Palettes:1|Bpp:8
19:30 jpsxdec.indexing.DiscIndexer INFO: Adding disc item Sectors:184705-184707|Type:Tim|Start Offset:0|Dimensions:64x64|Palettes:1|Bpp:8
19:30 jpsxdec.indexing.DiscIndexer INFO: Adding disc item Sectors:184708-184710|Type:Tim|Start Offset:0|Dimensions:64x64|Palettes:1|Bpp:8
19:30 jpsxdec.indexing.DiscIndexer INFO: Adding disc item Sectors:184711-184713|Type:Tim|Start Offset:0|Dimensions:64x64|Palettes:1|Bpp:8
19:30 jpsxdec.indexing.DiscIndexer INFO: Adding disc item Sectors:184714-184716|Type:Tim|Start Offset:0|Dimensions:64x64|Palettes:1|Bpp:8
19:30 jpsxdec.indexing.DiscIndexer INFO: Adding disc item Sectors:184717-184719|Type:Tim|Start Offset:0|Dimensions:64x64|Palettes:1|Bpp:8
19:30 jpsxdec.indexing.DiscIndexer INFO: Adding disc item Sectors:184720-184722|Type:Tim|Start Offset:0|Dimensions:64x64|Palettes:1|Bpp:8
19:30 jpsxdec.indexing.DiscIndexer INFO: Adding disc item Sectors:184723-184725|Type:Tim|Start Offset:0|Dimensions:64x64|Palettes:1|Bpp:8
19:30 jpsxdec.indexing.DiscIndexer INFO: Adding disc item Sectors:184726-184728|Type:Tim|Start Offset:0|Dimensions:64x64|Palettes:1|Bpp:8
19:30 jpsxdec.indexing.DiscIndexer INFO: Adding disc item Sectors:184729-184731|Type:Tim|Start Offset:0|Dimensions:64x64|Palettes:1|Bpp:8
19:30 jpsxdec.indexing.DiscIndexer INFO: Adding disc item Sectors:184732-184734|Type:Tim|Start Offset:0|Dimensions:64x64|Palettes:1|Bpp:8
19:30 jpsxdec.indexing.DiscIndexer INFO: Adding disc item Sectors:184735-184737|Type:Tim|Start Offset:0|Dimensions:64x64|Palettes:1|Bpp:8
19:30 jpsxdec.indexing.DiscIndexer INFO: Adding disc item Sectors:184738-184740|Type:Tim|Start Offset:0|Dimensions:64x64|Palettes:1|Bpp:8
19:30 jpsxdec.indexing.DiscIndexer INFO: Adding disc item Sectors:184741-184743|Type:Tim|Start Offset:0|Dimensions:64x64|Palettes:1|Bpp:8
19:30 jpsxdec.indexing.DiscIndexer INFO: Adding disc item Sectors:184744-184746|Type:Tim|Start Offset:0|Dimensions:64x64|Palettes:1|Bpp:8
19:30 jpsxdec.indexing.DiscIndexer INFO: Adding disc item Sectors:184747-184749|Type:Tim|Start Offset:0|Dimensions:64x64|Palettes:1|Bpp:8
19:30 jpsxdec.indexing.DiscIndexer INFO: Adding disc item Sectors:184750-184752|Type:Tim|Start Offset:0|Dimensions:64x64|Palettes:1|Bpp:8
19:30 jpsxdec.indexing.DiscIndexer INFO: Adding disc item Sectors:184753-184755|Type:Tim|Start Offset:0|Dimensions:64x64|Palettes:1|Bpp:8
19:30 jpsxdec.indexing.DiscIndexer INFO: Adding disc item Sectors:184756-184758|Type:Tim|Start Offset:0|Dimensions:64x64|Palettes:1|Bpp:8
19:30 jpsxdec.indexing.DiscIndexer INFO: Adding disc item Sectors:184759-184761|Type:Tim|Start Offset:0|Dimensions:64x64|Palettes:1|Bpp:8
19:30 jpsxdec.indexing.DiscIndexer INFO: Adding disc item Sectors:184762-184764|Type:Tim|Start Offset:0|Dimensions:64x64|Palettes:1|Bpp:8
19:30 jpsxdec.indexing.DiscIndexer INFO: Adding disc item Sectors:184765-184767|Type:Tim|Start Offset:0|Dimensions:64x64|Palettes:1|Bpp:8
19:30 jpsxdec.indexing.DiscIndexer INFO: Adding disc item Sectors:184768-184770|Type:Tim|Start Offset:0|Dimensions:64x64|Palettes:1|Bpp:8
19:30 jpsxdec.indexing.DiscIndexer INFO: Adding disc item Sectors:184771-184773|Type:Tim|Start Offset:0|Dimensions:64x64|Palettes:1|Bpp:8
19:30 jpsxdec.indexing.DiscIndexer INFO: Adding disc item Sectors:184774-184776|Type:Tim|Start Offset:0|Dimensions:64x64|Palettes:1|Bpp:8
19:30 jpsxdec.indexing.DiscIndexer INFO: Adding disc item Sectors:184777-184779|Type:Tim|Start Offset:0|Dimensions:64x64|Palettes:1|Bpp:8
19:30 jpsxdec.indexing.DiscIndexer INFO: Adding disc item Sectors:184780-184782|Type:Tim|Start Offset:0|Dimensions:64x64|Palettes:1|Bpp:8
19:30 jpsxdec.indexing.DiscIndexer INFO: Adding disc item Sectors:184783-184785|Type:Tim|Start Offset:0|Dimensions:64x64|Palettes:1|Bpp:8
19:30 jpsxdec.indexing.DiscIndexer INFO: Adding disc item Sectors:184786-184788|Type:Tim|Start Offset:0|Dimensions:64x64|Palettes:1|Bpp:8
19:30 jpsxdec.indexing.DiscIndexer INFO: Adding disc item Sectors:184789-184791|Type:Tim|Start Offset:0|Dimensions:64x64|Palettes:1|Bpp:8
19:30 jpsxdec.indexing.DiscIndexer INFO: Adding disc item Sectors:184792-184794|Type:Tim|Start Offset:0|Dimensions:64x64|Palettes:1|Bpp:8
19:30 jpsxdec.indexing.DiscIndexer INFO: Adding disc item Sectors:184795-184797|Type:Tim|Start Offset:0|Dimensions:64x64|Palettes:1|Bpp:8
19:30 jpsxdec.indexing.DiscIndexer INFO: Adding disc item Sectors:184798-184800|Type:Tim|Start Offset:0|Dimensions:64x64|Palettes:1|Bpp:8
19:30 jpsxdec.indexing.DiscIndexer INFO: Adding disc item Sectors:184801-184803|Type:Tim|Start Offset:0|Dimensions:64x64|Palettes:1|Bpp:8
19:30 jpsxdec.indexing.DiscIndexer INFO: Adding disc item Sectors:184804-184806|Type:Tim|Start Offset:0|Dimensions:64x64|Palettes:1|Bpp:8
19:30 jpsxdec.indexing.DiscIndexer INFO: Adding disc item Sectors:184807-184809|Type:Tim|Start Offset:0|Dimensions:64x64|Palettes:1|Bpp:8
19:30 jpsxdec.indexing.DiscIndexer INFO: Adding disc item Sectors:184810-184812|Type:Tim|Start Offset:0|Dimensions:64x64|Palettes:1|Bpp:8
19:30 jpsxdec.indexing.DiscIndexer INFO: Adding disc item Sectors:184813-184815|Type:Tim|Start Offset:0|Dimensions:64x64|Palettes:1|Bpp:8
19:30 jpsxdec.indexing.DiscIndexer INFO: Adding disc item Sectors:184816-184818|Type:Tim|Start Offset:0|Dimensions:64x64|Palettes:1|Bpp:8
19:30 jpsxdec.indexing.DiscIndexer INFO: Adding disc item Sectors:184819-184821|Type:Tim|Start Offset:0|Dimensions:64x64|Palettes:1|Bpp:8
19:30 jpsxdec.indexing.DiscIndexer INFO: Adding disc item Sectors:184822-184824|Type:Tim|Start Offset:0|Dimensions:64x64|Palettes:1|Bpp:8
19:30 jpsxdec.indexing.DiscIndexer INFO: Adding disc item Sectors:184825-184827|Type:Tim|Start Offset:0|Dimensions:64x64|Palettes:1|Bpp:8
19:30 jpsxdec.indexing.DiscIndexer INFO: Adding disc item Sectors:184828-184830|Type:Tim|Start Offset:0|Dimensions:64x64|Palettes:1|Bpp:8
19:30 jpsxdec.indexing.DiscIndexer INFO: Adding disc item Sectors:184831-184833|Type:Tim|Start Offset:0|Dimensions:64x64|Palettes:1|Bpp:8
19:30 jpsxdec.indexing.DiscIndexer INFO: Adding disc item Sectors:184834-184836|Type:Tim|Start Offset:0|Dimensions:64x64|Palettes:1|Bpp:8
19:30 jpsxdec.indexing.DiscIndexer INFO: Adding disc item Sectors:184837-184839|Type:Tim|Start Offset:0|Dimensions:64x64|Palettes:1|Bpp:8
19:30 jpsxdec.indexing.DiscIndexer INFO: Adding disc item Sectors:184840-184842|Type:Tim|Start Offset:0|Dimensions:64x64|Palettes:1|Bpp:8
19:30 jpsxdec.indexing.DiscIndexer INFO: Adding disc item Sectors:184843-184845|Type:Tim|Start Offset:0|Dimensions:64x64|Palettes:1|Bpp:8
19:30 jpsxdec.indexing.DiscIndexer INFO: Adding disc item Sectors:184846-184848|Type:Tim|Start Offset:0|Dimensions:64x64|Palettes:1|Bpp:8
19:30 jpsxdec.indexing.DiscIndexer INFO: Adding disc item Sectors:184849-184851|Type:Tim|Start Offset:0|Dimensions:64x64|Palettes:1|Bpp:8
19:30 jpsxdec.indexing.DiscIndexer INFO: Adding disc item Sectors:184852-184854|Type:Tim|Start Offset:0|Dimensions:64x64|Palettes:1|Bpp:8
19:30 jpsxdec.indexing.DiscIndexer INFO: Adding disc item Sectors:184855-184857|Type:Tim|Start Offset:0|Dimensions:64x64|Palettes:1|Bpp:8
19:30 jpsxdec.indexing.DiscIndexer INFO: Adding disc item Sectors:184858-184860|Type:Tim|Start Offset:0|Dimensions:64x64|Palettes:1|Bpp:8
19:30 jpsxdec.indexing.DiscIndexer INFO: Adding disc item Sectors:184861-184863|Type:Tim|Start Offset:0|Dimensions:64x64|Palettes:1|Bpp:8
19:30 jpsxdec.indexing.DiscIndexer INFO: Adding disc item Sectors:184864-184866|Type:Tim|Start Offset:0|Dimensions:64x64|Palettes:1|Bpp:8
19:30 jpsxdec.indexing.DiscIndexer INFO: Adding disc item Sectors:184867-184869|Type:Tim|Start Offset:0|Dimensions:64x64|Palettes:1|Bpp:8
19:30 jpsxdec.indexing.DiscIndexer INFO: Adding disc item Sectors:184870-184872|Type:Tim|Start Offset:0|Dimensions:64x64|Palettes:1|Bpp:8
19:30 jpsxdec.indexing.DiscIndexer INFO: Adding disc item Sectors:184873-184875|Type:Tim|Start Offset:0|Dimensions:64x64|Palettes:1|Bpp:8
19:30 jpsxdec.indexing.DiscIndexer INFO: Adding disc item Sectors:184876-184878|Type:Tim|Start Offset:0|Dimensions:64x64|Palettes:1|Bpp:8
19:30 jpsxdec.indexing.DiscIndexer INFO: Adding disc item Sectors:184879-184881|Type:Tim|Start Offset:0|Dimensions:64x64|Palettes:1|Bpp:8
19:30 jpsxdec.indexing.DiscIndexer INFO: Adding disc item Sectors:184882-184884|Type:Tim|Start Offset:0|Dimensions:64x64|Palettes:1|Bpp:8
19:30 jpsxdec.indexing.DiscIndexer INFO: Adding disc item Sectors:184885-184887|Type:Tim|Start Offset:0|Dimensions:64x64|Palettes:1|Bpp:8
19:30 jpsxdec.indexing.DiscIndexer INFO: Adding disc item Sectors:184888-184890|Type:Tim|Start Offset:0|Dimensions:64x64|Palettes:1|Bpp:8
19:30 jpsxdec.indexing.DiscIndexer INFO: Adding disc item Sectors:184891-184893|Type:Tim|Start Offset:40|Dimensions:64x64|Palettes:1|Bpp:8
19:30 jpsxdec.indexing.DiscIndexer INFO: Adding disc item Sectors:184893-184893|Type:Tim|Start Offset:584|Dimensions:128x16|Palettes:1|Bpp:4
19:30 jpsxdec.indexing.DiscIndexer INFO: Adding disc item Sectors:184893-184894|Type:Tim|Start Offset:1672|Dimensions:16x64|Palettes:1|Bpp:4
19:30 jpsxdec.indexing.DiscIndexer INFO: Adding disc item Sectors:184894-184894|Type:Tim|Start Offset:200|Dimensions:32x32|Palettes:1|Bpp:4
19:30 jpsxdec.indexing.DiscIndexer INFO: Adding disc item Sectors:184894-184895|Type:Tim|Start Offset:776|Dimensions:96x16|Palettes:16|Bpp:4
19:30 jpsxdec.indexing.DiscIndexer INFO: Adding disc item Sectors:184895-184907|Type:Tim|Start Offset:40|Dimensions:256x192|Palettes:1|Bpp:4
19:30 jpsxdec.indexing.DiscIndexer INFO: Adding disc item Sectors:184907-184907|Type:Tim|Start Offset:104|Dimensions:12x40|Palettes:1|Bpp:4
19:30 jpsxdec.indexing.DiscIndexer INFO: Adding disc item Sectors:184907-184907|Type:Tim|Start Offset:408|Dimensions:40x12|Palettes:1|Bpp:4
19:30 jpsxdec.indexing.DiscIndexer INFO: Adding disc item Sectors:184966-184974|Type:Tim|Start Offset:0|Dimensions:256x128|Palettes:1|Bpp:4
19:30 jpsxdec.indexing.DiscIndexer INFO: Adding disc item Sectors:184980-184996|Type:Tim|Start Offset:0|Dimensions:128x256|Palettes:1|Bpp:8
19:30 jpsxdec.indexing.DiscIndexer INFO: Adding disc item Sectors:221427-221497|Type:Tim|Start Offset:0|Dimensions:320x224|Palettes:1|Bpp:16
19:30 jpsxdec.indexing.DiscIndexer INFO: Adding disc item Sectors:221498-221568|Type:Tim|Start Offset:0|Dimensions:320x224|Palettes:1|Bpp:16
19:30 jpsxdec.indexing.DiscIndexer INFO: Adding disc item Sectors:221569-221639|Type:Tim|Start Offset:0|Dimensions:320x224|Palettes:1|Bpp:16
19:30 jpsxdec.indexing.DiscIndexer INFO: Adding disc item Sectors:221640-221677|Type:Tim|Start Offset:0|Dimensions:320x240|Palettes:1|Bpp:8
19:30 jpsxdec.indexing.DiscIndexer INFO: Adding disc item Sectors:221678-221715|Type:Tim|Start Offset:0|Dimensions:320x240|Palettes:1|Bpp:8
19:30 jpsxdec.indexing.DiscIndexer INFO: Adding disc item Sectors:221716-221753|Type:Tim|Start Offset:0|Dimensions:320x240|Palettes:1|Bpp:8
19:30 jpsxdec.indexing.DiscIndexer INFO: Adding disc item Sectors:221754-221791|Type:Tim|Start Offset:0|Dimensions:320x240|Palettes:1|Bpp:8
19:30 jpsxdec.indexing.DiscIndexer INFO: Adding disc item Sectors:221792-221829|Type:Tim|Start Offset:0|Dimensions:320x240|Palettes:1|Bpp:8
19:30 jpsxdec.indexing.DiscIndexer INFO: Adding disc item Sectors:221830-221867|Type:Tim|Start Offset:0|Dimensions:320x240|Palettes:1|Bpp:8
19:30 jpsxdec.indexing.DiscIndexer INFO: Adding disc item Sectors:221868-221905|Type:Tim|Start Offset:0|Dimensions:320x240|Palettes:1|Bpp:8
19:30 jpsxdec.indexing.DiscIndexer INFO: Adding disc item Sectors:221906-221943|Type:Tim|Start Offset:0|Dimensions:320x240|Palettes:1|Bpp:8
19:30 jpsxdec.indexing.DiscIndexer INFO: Adding disc item Sectors:221944-221981|Type:Tim|Start Offset:0|Dimensions:320x240|Palettes:1|Bpp:8
19:30 jpsxdec.indexing.DiscIndexer INFO: Adding disc item Sectors:221982-222006|Type:Tim|Start Offset:0|Dimensions:256x192|Palettes:1|Bpp:8
19:30 jpsxdec.indexing.DiscIndexer INFO: Adding disc item Sectors:222007-222031|Type:Tim|Start Offset:0|Dimensions:256x192|Palettes:1|Bpp:8
19:30 jpsxdec.indexing.DiscIndexer INFO: Adding disc item Sectors:222032-222056|Type:Tim|Start Offset:0|Dimensions:256x192|Palettes:1|Bpp:8
19:30 jpsxdec.indexing.DiscIndexer INFO: Adding disc item Sectors:222057-222081|Type:Tim|Start Offset:0|Dimensions:256x192|Palettes:1|Bpp:8
19:30 jpsxdec.indexing.DiscIndexer INFO: Adding disc item Sectors:222082-222106|Type:Tim|Start Offset:0|Dimensions:256x192|Palettes:1|Bpp:8
19:30 jpsxdec.indexing.DiscIndexer INFO: Adding disc item Sectors:222107-222177|Type:Tim|Start Offset:0|Dimensions:320x224|Palettes:1|Bpp:16
19:30 jpsxdec.indexing.DiscIndexer INFO: Adding disc item Sectors:222178-222248|Type:Tim|Start Offset:0|Dimensions:320x224|Palettes:1|Bpp:16
19:30 jpsxdec.indexing.DiscIndexer INFO: Adding disc item Sectors:222249-222319|Type:Tim|Start Offset:0|Dimensions:320x224|Palettes:1|Bpp:16
19:30 jpsxdec.indexing.DiscIndexer INFO: Adding disc item Sectors:222320-222390|Type:Tim|Start Offset:0|Dimensions:320x224|Palettes:1|Bpp:16
19:30 jpsxdec.indexing.DiscIndexer INFO: Adding disc item Sectors:222391-222461|Type:Tim|Start Offset:0|Dimensions:320x224|Palettes:1|Bpp:16
19:30 jpsxdec.indexing.DiscIndexer INFO: Adding disc item Sectors:222462-222532|Type:Tim|Start Offset:0|Dimensions:320x224|Palettes:1|Bpp:16
19:30 jpsxdec.indexing.DiscIndexer INFO: Adding disc item Sectors:222533-222570|Type:Tim|Start Offset:0|Dimensions:320x240|Palettes:1|Bpp:8
19:30 jpsxdec.indexing.DiscIndexer INFO: Adding disc item Sectors:222571-222641|Type:Tim|Start Offset:0|Dimensions:320x224|Palettes:1|Bpp:16
19:30 jpsxdec.indexing.DiscIndexer INFO: Adding disc item Sectors:222642-222712|Type:Tim|Start Offset:0|Dimensions:320x224|Palettes:1|Bpp:16
19:30 jpsxdec.indexing.DiscIndexer INFO: Adding disc item Sectors:222713-222783|Type:Tim|Start Offset:0|Dimensions:320x224|Palettes:1|Bpp:16
19:30 jpsxdec.indexing.DiscIndexer INFO: Adding disc item Sectors:222784-222854|Type:Tim|Start Offset:0|Dimensions:320x224|Palettes:1|Bpp:16
19:30 jpsxdec.indexing.DiscIndexer INFO: Adding disc item Sectors:222855-222925|Type:Tim|Start Offset:0|Dimensions:320x224|Palettes:1|Bpp:16
19:30 jpsxdec.indexing.DiscIndexer INFO: Adding disc item Sectors:222926-222963|Type:Tim|Start Offset:0|Dimensions:320x240|Palettes:1|Bpp:8
19:30 jpsxdec.indexing.DiscIndexer INFO: Adding disc item Sectors:222964-223034|Type:Tim|Start Offset:0|Dimensions:320x224|Palettes:1|Bpp:16
19:30 jpsxdec.indexing.DiscIndexer INFO: Adding disc item Sectors:223035-223105|Type:Tim|Start Offset:0|Dimensions:320x224|Palettes:1|Bpp:16
19:30 jpsxdec.indexing.DiscIndexer INFO: Adding disc item Sectors:223106-223176|Type:Tim|Start Offset:0|Dimensions:320x224|Palettes:1|Bpp:16
19:30 jpsxdec.indexing.DiscIndexer INFO: Adding disc item Sectors:223177-223247|Type:Tim|Start Offset:0|Dimensions:320x224|Palettes:1|Bpp:16
19:30 jpsxdec.indexing.DiscIndexer INFO: Adding disc item Sectors:223248-223318|Type:Tim|Start Offset:0|Dimensions:320x224|Palettes:1|Bpp:16
19:30 jpsxdec.indexing.DiscIndexer INFO: Adding disc item Sectors:223319-223389|Type:Tim|Start Offset:0|Dimensions:320x224|Palettes:1|Bpp:16
19:30 jpsxdec.indexing.DiscIndexer INFO: Adding disc item Sectors:223390-223460|Type:Tim|Start Offset:0|Dimensions:320x224|Palettes:1|Bpp:16
19:30 jpsxdec.indexing.DiscIndexer INFO: Adding disc item Sectors:223461-223531|Type:Tim|Start Offset:0|Dimensions:320x224|Palettes:1|Bpp:16
19:30 jpsxdec.indexing.DiscIndexer INFO: Adding disc item Sectors:223532-223602|Type:Tim|Start Offset:0|Dimensions:320x224|Palettes:1|Bpp:16
19:30 jpsxdec.indexing.DiscIndexer INFO: Adding disc item Sectors:223603-223673|Type:Tim|Start Offset:0|Dimensions:320x224|Palettes:1|Bpp:16
19:30 jpsxdec.indexing.DiscIndexer INFO: Adding disc item Sectors:223674-223744|Type:Tim|Start Offset:0|Dimensions:320x224|Palettes:1|Bpp:16
19:30 jpsxdec.indexing.DiscIndexer INFO: Adding disc item Sectors:223745-223815|Type:Tim|Start Offset:0|Dimensions:320x224|Palettes:1|Bpp:16
19:30 jpsxdec.indexing.DiscIndexer INFO: Adding disc item Sectors:223816-223886|Type:Tim|Start Offset:0|Dimensions:320x224|Palettes:1|Bpp:16
19:30 jpsxdec.indexing.DiscIndexer INFO: Adding disc item Sectors:223887-223957|Type:Tim|Start Offset:0|Dimensions:320x224|Palettes:1|Bpp:16
19:30 jpsxdec.indexing.DiscIndexer INFO: Adding disc item Sectors:223958-224028|Type:Tim|Start Offset:0|Dimensions:320x224|Palettes:1|Bpp:16
19:30 jpsxdec.indexing.DiscIndexer INFO: Adding disc item Sectors:224029-224099|Type:Tim|Start Offset:0|Dimensions:320x224|Palettes:1|Bpp:16
19:30 jpsxdec.indexing.DiscIndexer INFO: Adding disc item Sectors:224100-224170|Type:Tim|Start Offset:0|Dimensions:320x224|Palettes:1|Bpp:16
19:30 jpsxdec.indexing.DiscIndexer INFO: Adding disc item Sectors:224171-224208|Type:Tim|Start Offset:0|Dimensions:320x240|Palettes:1|Bpp:8
19:30 jpsxdec.indexing.DiscIndexer INFO: Adding disc item Sectors:224209-224279|Type:Tim|Start Offset:0|Dimensions:320x224|Palettes:1|Bpp:16
19:30 jpsxdec.indexing.DiscIndexer INFO: Adding disc item Sectors:224280-224350|Type:Tim|Start Offset:0|Dimensions:320x224|Palettes:1|Bpp:16
19:30 jpsxdec.indexing.DiscIndexer INFO: Adding disc item Sectors:224351-224421|Type:Tim|Start Offset:0|Dimensions:320x224|Palettes:1|Bpp:16
19:30 jpsxdec.indexing.DiscIndexer INFO: Adding disc item Sectors:224422-224492|Type:Tim|Start Offset:0|Dimensions:320x224|Palettes:1|Bpp:16
19:30 jpsxdec.indexing.DiscIndexer INFO: Adding disc item Sectors:224493-224563|Type:Tim|Start Offset:0|Dimensions:320x224|Palettes:1|Bpp:16
19:30 jpsxdec.indexing.DiscIndexer INFO: Adding disc item Sectors:224564-224634|Type:Tim|Start Offset:0|Dimensions:320x224|Palettes:1|Bpp:16
19:30 jpsxdec.indexing.DiscIndexer INFO: Adding disc item Sectors:224635-224705|Type:Tim|Start Offset:0|Dimensions:320x224|Palettes:1|Bpp:16
19:30 jpsxdec.indexing.DiscIndexer INFO: Adding disc item Sectors:224706-224776|Type:Tim|Start Offset:0|Dimensions:320x224|Palettes:1|Bpp:16
19:30 jpsxdec.indexing.DiscIndexer INFO: Adding disc item Sectors:224777-224847|Type:Tim|Start Offset:0|Dimensions:320x224|Palettes:1|Bpp:16
19:30 jpsxdec.indexing.DiscIndexer INFO: Adding disc item Sectors:224848-224918|Type:Tim|Start Offset:0|Dimensions:320x224|Palettes:1|Bpp:16
19:30 jpsxdec.indexing.DiscIndexer INFO: Adding disc item Sectors:224919-224989|Type:Tim|Start Offset:0|Dimensions:320x224|Palettes:1|Bpp:16
19:30 jpsxdec.indexing.DiscIndexer INFO: Adding disc item Sectors:224990-225060|Type:Tim|Start Offset:0|Dimensions:320x224|Palettes:1|Bpp:16
19:30 jpsxdec.indexing.DiscIndexer INFO: Adding disc item Sectors:225061-225131|Type:Tim|Start Offset:0|Dimensions:320x224|Palettes:1|Bpp:16
19:30 jpsxdec.indexing.DiscIndexer INFO: Adding disc item Sectors:225132-225156|Type:Tim|Start Offset:0|Dimensions:256x192|Palettes:1|Bpp:8
19:30 jpsxdec.indexing.DiscIndexer INFO: Adding disc item Sectors:225157-225181|Type:Tim|Start Offset:0|Dimensions:256x192|Palettes:1|Bpp:8
19:30 jpsxdec.indexing.DiscIndexer INFO: Adding disc item Sectors:225182-225206|Type:Tim|Start Offset:0|Dimensions:256x192|Palettes:1|Bpp:8
19:30 jpsxdec.indexing.DiscIndexer INFO: Adding disc item Sectors:225207-225247|Type:Tim|Start Offset:0|Dimensions:320x256|Palettes:1|Bpp:8
19:30 jpsxdec.indexing.DiscIndexer INFO: Adding disc item Sectors:225248-225288|Type:Tim|Start Offset:0|Dimensions:320x256|Palettes:1|Bpp:8
19:30 jpsxdec.indexing.DiscIndexer INFO: Adding disc item Sectors:225289-225329|Type:Tim|Start Offset:0|Dimensions:320x256|Palettes:1|Bpp:8
19:30 jpsxdec.indexing.DiscIndexer INFO: Adding disc item Sectors:225330-225400|Type:Tim|Start Offset:0|Dimensions:320x224|Palettes:1|Bpp:16
19:30 jpsxdec.indexing.DiscIndexer INFO: Adding disc item Sectors:225401-225471|Type:Tim|Start Offset:0|Dimensions:320x224|Palettes:1|Bpp:16
19:30 jpsxdec.indexing.DiscIndexer INFO: Adding disc item Sectors:225472-225542|Type:Tim|Start Offset:0|Dimensions:320x224|Palettes:1|Bpp:16
19:30 jpsxdec.indexing.DiscIndexer INFO: Adding disc item Sectors:225543-225613|Type:Tim|Start Offset:0|Dimensions:320x224|Palettes:1|Bpp:16
19:30 jpsxdec.indexing.DiscIndexer INFO: Adding disc item Sectors:225614-225684|Type:Tim|Start Offset:0|Dimensions:320x224|Palettes:1|Bpp:16
19:30 jpsxdec.indexing.DiscIndexer INFO: Adding disc item Sectors:225685-225755|Type:Tim|Start Offset:0|Dimensions:320x224|Palettes:1|Bpp:16
19:30 jpsxdec.indexing.DiscIndexer INFO: Adding disc item Sectors:225756-225826|Type:Tim|Start Offset:0|Dimensions:320x224|Palettes:1|Bpp:16
19:30 jpsxdec.indexing.DiscIndexer INFO: Adding disc item Sectors:225827-225897|Type:Tim|Start Offset:0|Dimensions:320x224|Palettes:1|Bpp:16
19:30 jpsxdec.indexing.DiscIndexer INFO: Adding disc item Sectors:225898-225922|Type:Tim|Start Offset:0|Dimensions:256x192|Palettes:1|Bpp:8
19:30 jpsxdec.indexing.DiscIndexer INFO: Adding disc item Sectors:225923-225947|Type:Tim|Start Offset:0|Dimensions:256x192|Palettes:1|Bpp:8
19:30 jpsxdec.indexing.DiscIndexer INFO: Adding disc item Sectors:225948-225972|Type:Tim|Start Offset:0|Dimensions:256x192|Palettes:1|Bpp:8
19:30 jpsxdec.indexing.DiscIndexer INFO: Adding disc item Sectors:225973-225997|Type:Tim|Start Offset:0|Dimensions:256x192|Palettes:1|Bpp:8
19:30 jpsxdec.indexing.DiscIndexer INFO: Adding disc item Sectors:225998-226022|Type:Tim|Start Offset:0|Dimensions:256x192|Palettes:1|Bpp:8
19:30 jpsxdec.indexing.DiscIndexer INFO: Adding disc item Sectors:226023-226047|Type:Tim|Start Offset:0|Dimensions:256x192|Palettes:1|Bpp:8
19:30 jpsxdec.indexing.DiscIndexer INFO: Adding disc item Sectors:226048-226067|Type:Tim|Start Offset:0|Dimensions:256x156|Palettes:1|Bpp:8
19:30 jpsxdec.indexing.DiscIndexer INFO: Adding disc item Sectors:226068-226138|Type:Tim|Start Offset:0|Dimensions:320x224|Palettes:1|Bpp:16
19:30 jpsxdec.indexing.DiscIndexer INFO: Adding disc item Sectors:226139-226209|Type:Tim|Start Offset:0|Dimensions:320x224|Palettes:1|Bpp:16
19:30 jpsxdec.indexing.DiscIndexer INFO: Adding disc item Sectors:226210-226280|Type:Tim|Start Offset:0|Dimensions:320x224|Palettes:1|Bpp:16
19:30 jpsxdec.indexing.DiscIndexer INFO: Adding disc item Sectors:226281-226351|Type:Tim|Start Offset:0|Dimensions:320x224|Palettes:1|Bpp:16
19:30 jpsxdec.indexing.DiscIndexer INFO: Adding disc item Sectors:226352-226422|Type:Tim|Start Offset:0|Dimensions:640x224|Palettes:1|Bpp:8
19:30 jpsxdec.indexing.DiscIndexer INFO: Adding disc item Sectors:226423-226493|Type:Tim|Start Offset:0|Dimensions:640x224|Palettes:1|Bpp:8
19:30 jpsxdec.indexing.DiscIndexer INFO: Adding disc item ID:SLUS_006.69|Sectors:172918-173065|Type:File|Size:303104|Path:SLUS_006.69|Has mode 2 form 2:No|Has CD audio:No
19:30 jpsxdec.indexing.DiscIndexer INFO: Adding disc item ID:SYSTEM.CNF|Sectors:172917-172917|Type:File|Size:67|Path:SYSTEM.CNF|Has mode 2 form 2:No|Has CD audio:No
19:30 jpsxdec.modules.video.sectorbased.fps.StrFrameRateCalc INFO: Matching fps sequence: "10.0 sectors/frame" 10 length 6500 matches@0 1:1=true
19:30 jpsxdec.modules.video.sectorbased.fps.StrFrameRateCalc INFO: Possible frame rates: [2, 5, 10] Chose 10
19:30 jpsxdec.modules.video.sectorbased.fps.StrFrameRateCalc INFO: Sectors 166297-172796 (6500) frames 650 average 10 CASE1001011 old 10 new 10 @000000 vfr false 10.0 sectors/frame
19:30 jpsxdec.indexing.DiscIndexer INFO: Adding disc item Sectors:166297-172796|Type:Video|Dimensions:320x224|Frame Count:650|Sector Frames:166297-172787|Sectors/Frame:10/1|1st frame end sector:9|Header Frames:1-650
19:30 index INFO: Time: 10.55 sec
19:30 jpsxdec.indexing.SectorTypeCounter INFO: ISO9660 Directory Records 1
19:30 jpsxdec.indexing.SectorTypeCounter INFO: ISO9660 Volume Primary Descriptor 1
19:30 jpsxdec.indexing.SectorTypeCounter INFO: STR Str 150486
19:30 jpsxdec.indexing.SectorTypeCounter INFO: Unknown 120719
19:30 jpsxdec.indexing.SectorTypeCounter INFO: XA Audio 21604
19:30 jpsxdec.indexing.SectorTypeCounter INFO: XA Empty 4
19:32 save INFO: Filename:C:\Users\JO\Desktop\XENO_ARC\Xenogears\XenogearsUSACD2.bin|Sector size:2352|Sector count:292815|First sector offset:0
19:32 save INFO: #:16|ID:?[8]|Sectors:149313-158322|Type:Video|Dimensions:320x224|Frame Count:901|Sector Frames:149313-158313|Sectors/Frame:10/1|1st frame end sector:9|Disc Speed:2|Header Frames:1-901
19:32 save INFO: Video format: AVI: Compressed (MJPG)
19:32 save INFO: Dimensions: 320x224
19:32 save INFO: With audio item(s):
19:32 jpsxdec.modules.video.sectorbased.SectorBasedVideoSaverBuilder INFO: Using 1 of 1 audio streams
19:32 save INFO: #:17|ID:?[8.0]|Sectors:149320-158376|Type:XA|File:1|Channel:1|Stereo?:Yes|Samples/Sec:37800|Bits/Sample:4|Sector stride:8|Disc speed:2x
19:32 save INFO: Emulate PSX audio/video sync: No
19:32 save INFO: Saving as: XenogearsUSACD2.bin[8].avi
19:32 save INFO: Disc speed: 2x (15 fps)
19:32 jpsxdec.modules.video.save.VDP INFO: Bitstream format: BitStreamUncompressor_STRv2
20:45 jpsxdec.modules.video.save.VDP INFO: Bitstream format: BitStreamUncompressor_STRv2
21:19 jpsxdec.cdreaders.CdOpener INFO: C:\Users\JO\Desktop\XENO_ARC\Xenogears\XenogearsUSACD2.bin
21:19 jpsxdec.cdreaders.SectorFactory INFO: Attempting to identify as 2448
21:19 jpsxdec.cdreaders.SectorFactory INFO: Attempting to identify as 2352
21:19 jpsxdec.cdreaders.SectorFactory INFO: Disc type identified as 2352
21:19 index INFO: Indexing Filename:C:\Users\JO\Desktop\XENO_ARC\Xenogears\XenogearsUSACD2.bin|Sector size:2352|Sector count:292815|First sector offset:0
21:19 jpsxdec.indexing.DiscIndexer INFO: Adding disc item Sectors:48-67432|Type:XA|File:1|Channel:1|Stereo?:Yes|Samples/Sec:37800|Bits/Sample:4|Sector stride:8|Disc speed:2x
21:19 jpsxdec.modules.video.sectorbased.fps.StrFrameRateCalc INFO: Matching fps sequence: "10.0 sectors/frame" 10 length 67250 matches@0 1:1=true
21:19 jpsxdec.modules.video.sectorbased.fps.StrFrameRateCalc INFO: Possible frame rates: [2, 5, 10] Chose 10
21:19 jpsxdec.modules.video.sectorbased.fps.StrFrameRateCalc INFO: Sectors 41-67290 (67250) frames 6725 average 10 CASE1001011 old 10 new 10 @000000 vfr false 10.0 sectors/frame
21:19 jpsxdec.indexing.DiscIndexer INFO: Adding disc item Sectors:41-67290|Type:Video|Dimensions:320x224|Frame Count:6725|Sector Frames:41-67281|Sectors/Frame:10/1|1st frame end sector:9|Header Frames:1-6725
21:19 jpsxdec.indexing.DiscIndexer INFO: Adding disc item Sectors:67440-72504|Type:XA|File:1|Channel:1|Stereo?:Yes|Samples/Sec:37800|Bits/Sample:4|Sector stride:8|Disc speed:2x
21:19 jpsxdec.modules.video.sectorbased.fps.StrFrameRateCalc INFO: Matching fps sequence: "10.0 sectors/frame" 10 length 5050 matches@0 1:1=true
21:19 jpsxdec.modules.video.sectorbased.fps.StrFrameRateCalc INFO: Possible frame rates: [2, 5, 10] Chose 10
21:19 jpsxdec.modules.video.sectorbased.fps.StrFrameRateCalc INFO: Sectors 67433-72482 (5050) frames 505 average 10 CASE1001011 old 10 new 10 @000000 vfr false 10.0 sectors/frame
21:19 jpsxdec.indexing.DiscIndexer INFO: Adding disc item Sectors:67433-72482|Type:Video|Dimensions:320x224|Frame Count:505|Sector Frames:67433-72473|Sectors/Frame:10/1|1st frame end sector:9|Header Frames:1-505
21:19 jpsxdec.indexing.DiscIndexer INFO: Adding disc item Sectors:72512-74096|Type:XA|File:1|Channel:1|Stereo?:Yes|Samples/Sec:37800|Bits/Sample:4|Sector stride:8|Disc speed:2x
21:19 jpsxdec.modules.video.sectorbased.fps.StrFrameRateCalc INFO: Matching fps sequence: "10.0 sectors/frame" 10 length 1530 matches@0 1:1=true
21:19 jpsxdec.modules.video.sectorbased.fps.StrFrameRateCalc INFO: Possible frame rates: [2, 5, 10] Chose 10
21:19 jpsxdec.modules.video.sectorbased.fps.StrFrameRateCalc INFO: Sectors 72505-74034 (1530) frames 153 average 10 CASE1001011 old 10 new 10 @000000 vfr false 10.0 sectors/frame
21:19 jpsxdec.indexing.DiscIndexer INFO: Adding disc item Sectors:72505-74034|Type:Video|Dimensions:320x224|Frame Count:153|Sector Frames:72505-74025|Sectors/Frame:10/1|1st frame end sector:9|Header Frames:1-153
21:19 jpsxdec.indexing.DiscIndexer INFO: Adding disc item Sectors:74104-79568|Type:XA|File:1|Channel:1|Stereo?:Yes|Samples/Sec:37800|Bits/Sample:4|Sector stride:8|Disc speed:2x
21:19 jpsxdec.modules.video.sectorbased.fps.StrFrameRateCalc INFO: Matching fps sequence: "10.0 sectors/frame" 10 length 5399 matches@0 1:1=true
21:19 jpsxdec.modules.video.sectorbased.fps.StrFrameRateCalc INFO: Possible frame rates: [2, 5, 10] Chose 10
21:19 jpsxdec.modules.video.sectorbased.fps.StrFrameRateCalc INFO: Sectors 74097-79495 (5399) frames 540 average 5399/540 (9.9981) CASE1001011 old 10 new 10 @000000 vfr false 10.0 sectors/frame
21:19 jpsxdec.indexing.DiscIndexer INFO: Adding disc item Sectors:74097-79495|Type:Video|Dimensions:320x224|Frame Count:540|Sector Frames:74097-79487|Sectors/Frame:10/1|1st frame end sector:9|Header Frames:1-540
21:19 jpsxdec.indexing.DiscIndexer INFO: Adding disc item Sectors:79576-117696|Type:XA|File:1|Channel:1|Stereo?:Yes|Samples/Sec:37800|Bits/Sample:4|Sector stride:8|Disc speed:2x
21:19 jpsxdec.modules.video.sectorbased.fps.StrFrameRateCalc INFO: Matching fps sequence: "10.0 sectors/frame" 10 length 37999 matches@0 1:1=true
21:19 jpsxdec.modules.video.sectorbased.fps.StrFrameRateCalc INFO: Possible frame rates: [2, 5, 10] Chose 10
21:19 jpsxdec.modules.video.sectorbased.fps.StrFrameRateCalc INFO: Sectors 79569-117567 (37999) frames 3800 average 37999/3800 (9.9997) CASE1001011 old 10 new 10 @000000 vfr false 10.0 sectors/frame
21:19 jpsxdec.indexing.DiscIndexer INFO: Adding disc item Sectors:79569-117567|Type:Video|Dimensions:320x224|Frame Count:3800|Sector Frames:79569-117559|Sectors/Frame:10/1|1st frame end sector:9|Header Frames:1-3800
21:19 jpsxdec.indexing.DiscIndexer INFO: Adding disc item Sectors:117704-120312|Type:XA|File:1|Channel:1|Stereo?:Yes|Samples/Sec:37800|Bits/Sample:4|Sector stride:8|Disc speed:2x
21:19 jpsxdec.modules.video.sectorbased.fps.StrFrameRateCalc INFO: Matching fps sequence: "10.0 sectors/frame" 10 length 2550 matches@0 1:1=true
21:19 jpsxdec.modules.video.sectorbased.fps.StrFrameRateCalc INFO: Possible frame rates: [2, 5, 10] Chose 10
21:19 jpsxdec.modules.video.sectorbased.fps.StrFrameRateCalc INFO: Sectors 117697-120246 (2550) frames 255 average 10 CASE1001011 old 10 new 10 @000000 vfr false 10.0 sectors/frame
21:19 jpsxdec.indexing.DiscIndexer INFO: Adding disc item Sectors:117697-120246|Type:Video|Dimensions:320x224|Frame Count:255|Sector Frames:117697-120237|Sectors/Frame:10/1|1st frame end sector:9|Header Frames:1-255
21:19 jpsxdec.indexing.DiscIndexer INFO: Adding disc item Sectors:120320-146856|Type:XA|File:1|Channel:1|Stereo?:Yes|Samples/Sec:37800|Bits/Sample:4|Sector stride:8|Disc speed:2x
21:19 jpsxdec.modules.video.sectorbased.fps.StrFrameRateCalc INFO: Matching fps sequence: "10.0 sectors/frame" 10 length 26519 matches@0 1:1=true
21:19 jpsxdec.modules.video.sectorbased.fps.StrFrameRateCalc INFO: Possible frame rates: [2, 5, 10] Chose 10
21:19 jpsxdec.modules.video.sectorbased.fps.StrFrameRateCalc INFO: Sectors 120313-146831 (26519) frames 2652 average 26519/2652 (9.9996) CASE1001011 old 10 new 10 @000000 vfr false 10.0 sectors/frame
21:19 jpsxdec.indexing.DiscIndexer INFO: Adding disc item Sectors:120313-146831|Type:Video|Dimensions:320x224|Frame Count:2652|Sector Frames:120313-146823|Sectors/Frame:10/1|1st frame end sector:9|Header Frames:1-2652
21:19 jpsxdec.indexing.DiscIndexer INFO: Adding disc item Sectors:146864-149312|Type:XA|File:1|Channel:1|Stereo?:Yes|Samples/Sec:37800|Bits/Sample:4|Sector stride:8|Disc speed:2x
21:19 jpsxdec.modules.video.sectorbased.fps.StrFrameRateCalc INFO: Matching fps sequence: "10.0 sectors/frame" 10 length 2370 matches@0 1:1=true
21:19 jpsxdec.modules.video.sectorbased.fps.StrFrameRateCalc INFO: Possible frame rates: [2, 5, 10] Chose 10
21:19 jpsxdec.modules.video.sectorbased.fps.StrFrameRateCalc INFO: Sectors 146857-149226 (2370) frames 237 average 10 CASE1001011 old 10 new 10 @000000 vfr false 10.0 sectors/frame
21:19 jpsxdec.indexing.DiscIndexer INFO: Adding disc item Sectors:146857-149226|Type:Video|Dimensions:320x224|Frame Count:237|Sector Frames:146857-149217|Sectors/Frame:10/1|1st frame end sector:9|Header Frames:1-237
21:19 jpsxdec.indexing.DiscIndexer INFO: Adding disc item Sectors:149320-158376|Type:XA|File:1|Channel:1|Stereo?:Yes|Samples/Sec:37800|Bits/Sample:4|Sector stride:8|Disc speed:2x
21:19 jpsxdec.modules.video.sectorbased.fps.StrFrameRateCalc INFO: Matching fps sequence: "10.0 sectors/frame" 10 length 9010 matches@0 1:1=true
21:19 jpsxdec.modules.video.sectorbased.fps.StrFrameRateCalc INFO: Possible frame rates: [2, 5, 10] Chose 10
21:19 jpsxdec.modules.video.sectorbased.fps.StrFrameRateCalc INFO: Sectors 149313-158322 (9010) frames 901 average 10 CASE1001011 old 10 new 10 @000000 vfr false 10.0 sectors/frame
21:19 jpsxdec.indexing.DiscIndexer INFO: Adding disc item Sectors:149313-158322|Type:Video|Dimensions:320x224|Frame Count:901|Sector Frames:149313-158313|Sectors/Frame:10/1|1st frame end sector:9|Header Frames:1-901
21:19 jpsxdec.indexing.DiscIndexer INFO: Adding disc item Sectors:158384-160744|Type:XA|File:1|Channel:1|Stereo?:Yes|Samples/Sec:37800|Bits/Sample:4|Sector stride:8|Disc speed:2x
21:19 jpsxdec.modules.video.sectorbased.fps.StrFrameRateCalc INFO: Matching fps sequence: "10.0 sectors/frame" 10 length 2300 matches@0 1:1=true
21:19 jpsxdec.modules.video.sectorbased.fps.StrFrameRateCalc INFO: Possible frame rates: [2, 5, 10] Chose 10
21:19 jpsxdec.modules.video.sectorbased.fps.StrFrameRateCalc INFO: Sectors 158377-160676 (2300) frames 230 average 10 CASE1001011 old 10 new 10 @000000 vfr false 10.0 sectors/frame
21:19 jpsxdec.indexing.DiscIndexer INFO: Adding disc item Sectors:158377-160676|Type:Video|Dimensions:320x224|Frame Count:230|Sector Frames:158377-160667|Sectors/Frame:10/1|1st frame end sector:9|Header Frames:1-230
21:19 jpsxdec.indexing.DiscIndexer INFO: Adding disc item Sectors:160752-166296|Type:XA|File:1|Channel:1|Stereo?:Yes|Samples/Sec:37800|Bits/Sample:4|Sector stride:8|Disc speed:2x
21:19 jpsxdec.modules.video.sectorbased.fps.StrFrameRateCalc INFO: Matching fps sequence: "10.0 sectors/frame" 10 length 5500 matches@0 1:1=true
21:19 jpsxdec.modules.video.sectorbased.fps.StrFrameRateCalc INFO: Possible frame rates: [2, 5, 10] Chose 10
21:19 jpsxdec.modules.video.sectorbased.fps.StrFrameRateCalc INFO: Sectors 160745-166244 (5500) frames 550 average 10 CASE1001011 old 10 new 10 @000000 vfr false 10.0 sectors/frame
21:19 jpsxdec.indexing.DiscIndexer INFO: Adding disc item Sectors:160745-166244|Type:Video|Dimensions:320x224|Frame Count:550|Sector Frames:160745-166235|Sectors/Frame:10/1|1st frame end sector:9|Header Frames:1-550
21:19 jpsxdec.indexing.DiscIndexer INFO: Adding disc item Sectors:166304-172872|Type:XA|File:1|Channel:1|Stereo?:Yes|Samples/Sec:37800|Bits/Sample:4|Sector stride:8|Disc speed:2x
21:19 jpsxdec.indexing.DiscIndexer INFO: Adding disc item Sectors:184618-184620|Type:Tim|Start Offset:0|Dimensions:64x64|Palettes:1|Bpp:8
21:19 jpsxdec.indexing.DiscIndexer INFO: Adding disc item Sectors:184621-184623|Type:Tim|Start Offset:0|Dimensions:64x64|Palettes:1|Bpp:8
21:19 jpsxdec.indexing.DiscIndexer INFO: Adding disc item Sectors:184624-184626|Type:Tim|Start Offset:0|Dimensions:64x64|Palettes:1|Bpp:8
21:19 jpsxdec.indexing.DiscIndexer INFO: Adding disc item Sectors:184627-184629|Type:Tim|Start Offset:0|Dimensions:64x64|Palettes:1|Bpp:8
21:19 jpsxdec.indexing.DiscIndexer INFO: Adding disc item Sectors:184630-184632|Type:Tim|Start Offset:0|Dimensions:64x64|Palettes:1|Bpp:8
21:19 jpsxdec.indexing.DiscIndexer INFO: Adding disc item Sectors:184633-184635|Type:Tim|Start Offset:0|Dimensions:64x64|Palettes:1|Bpp:8
21:19 jpsxdec.indexing.DiscIndexer INFO: Adding disc item Sectors:184636-184638|Type:Tim|Start Offset:0|Dimensions:64x64|Palettes:1|Bpp:8
21:19 jpsxdec.indexing.DiscIndexer INFO: Adding disc item Sectors:184639-184641|Type:Tim|Start Offset:0|Dimensions:64x64|Palettes:1|Bpp:8
21:19 jpsxdec.indexing.DiscIndexer INFO: Adding disc item Sectors:184642-184644|Type:Tim|Start Offset:0|Dimensions:64x64|Palettes:1|Bpp:8
21:19 jpsxdec.indexing.DiscIndexer INFO: Adding disc item Sectors:184645-184647|Type:Tim|Start Offset:0|Dimensions:64x64|Palettes:1|Bpp:8
21:19 jpsxdec.indexing.DiscIndexer INFO: Adding disc item Sectors:184648-184650|Type:Tim|Start Offset:0|Dimensions:64x64|Palettes:1|Bpp:8
21:19 jpsxdec.indexing.DiscIndexer INFO: Adding disc item Sectors:184651-184653|Type:Tim|Start Offset:0|Dimensions:64x64|Palettes:1|Bpp:8
21:19 jpsxdec.indexing.DiscIndexer INFO: Adding disc item Sectors:184654-184656|Type:Tim|Start Offset:0|Dimensions:64x64|Palettes:1|Bpp:8
21:19 jpsxdec.indexing.DiscIndexer INFO: Adding disc item Sectors:184657-184659|Type:Tim|Start Offset:0|Dimensions:64x64|Palettes:1|Bpp:8
21:19 jpsxdec.indexing.DiscIndexer INFO: Adding disc item Sectors:184660-184662|Type:Tim|Start Offset:0|Dimensions:64x64|Palettes:1|Bpp:8
21:19 jpsxdec.indexing.DiscIndexer INFO: Adding disc item Sectors:184663-184665|Type:Tim|Start Offset:0|Dimensions:64x64|Palettes:1|Bpp:8
21:19 jpsxdec.indexing.DiscIndexer INFO: Adding disc item Sectors:184666-184668|Type:Tim|Start Offset:0|Dimensions:64x64|Palettes:1|Bpp:8
21:19 jpsxdec.indexing.DiscIndexer INFO: Adding disc item Sectors:184669-184671|Type:Tim|Start Offset:0|Dimensions:64x64|Palettes:1|Bpp:8
21:19 jpsxdec.indexing.DiscIndexer INFO: Adding disc item Sectors:184672-184674|Type:Tim|Start Offset:0|Dimensions:64x64|Palettes:1|Bpp:8
21:19 jpsxdec.indexing.DiscIndexer INFO: Adding disc item Sectors:184675-184677|Type:Tim|Start Offset:0|Dimensions:64x64|Palettes:1|Bpp:8
21:19 jpsxdec.indexing.DiscIndexer INFO: Adding disc item Sectors:184678-184680|Type:Tim|Start Offset:0|Dimensions:64x64|Palettes:1|Bpp:8
21:19 jpsxdec.indexing.DiscIndexer INFO: Adding disc item Sectors:184681-184683|Type:Tim|Start Offset:0|Dimensions:64x64|Palettes:1|Bpp:8
21:19 jpsxdec.indexing.DiscIndexer INFO: Adding disc item Sectors:184684-184686|Type:Tim|Start Offset:0|Dimensions:64x64|Palettes:1|Bpp:8
21:19 jpsxdec.indexing.DiscIndexer INFO: Adding disc item Sectors:184687-184689|Type:Tim|Start Offset:0|Dimensions:64x64|Palettes:1|Bpp:8
21:19 jpsxdec.indexing.DiscIndexer INFO: Adding disc item Sectors:184690-184692|Type:Tim|Start Offset:0|Dimensions:64x64|Palettes:1|Bpp:8
21:19 jpsxdec.indexing.DiscIndexer INFO: Adding disc item Sectors:184693-184695|Type:Tim|Start Offset:0|Dimensions:64x64|Palettes:1|Bpp:8
21:19 jpsxdec.indexing.DiscIndexer INFO: Adding disc item Sectors:184696-184698|Type:Tim|Start Offset:0|Dimensions:64x64|Palettes:1|Bpp:8
21:19 jpsxdec.indexing.DiscIndexer INFO: Adding disc item Sectors:184699-184701|Type:Tim|Start Offset:0|Dimensions:64x64|Palettes:1|Bpp:8
21:19 jpsxdec.indexing.DiscIndexer INFO: Adding disc item Sectors:184702-184704|Type:Tim|Start Offset:0|Dimensions:64x64|Palettes:1|Bpp:8
21:19 jpsxdec.indexing.DiscIndexer INFO: Adding disc item Sectors:184705-184707|Type:Tim|Start Offset:0|Dimensions:64x64|Palettes:1|Bpp:8
21:19 jpsxdec.indexing.DiscIndexer INFO: Adding disc item Sectors:184708-184710|Type:Tim|Start Offset:0|Dimensions:64x64|Palettes:1|Bpp:8
21:19 jpsxdec.indexing.DiscIndexer INFO: Adding disc item Sectors:184711-184713|Type:Tim|Start Offset:0|Dimensions:64x64|Palettes:1|Bpp:8
21:19 jpsxdec.indexing.DiscIndexer INFO: Adding disc item Sectors:184714-184716|Type:Tim|Start Offset:0|Dimensions:64x64|Palettes:1|Bpp:8
21:19 jpsxdec.indexing.DiscIndexer INFO: Adding disc item Sectors:184717-184719|Type:Tim|Start Offset:0|Dimensions:64x64|Palettes:1|Bpp:8
21:19 jpsxdec.indexing.DiscIndexer INFO: Adding disc item Sectors:184720-184722|Type:Tim|Start Offset:0|Dimensions:64x64|Palettes:1|Bpp:8
21:19 jpsxdec.indexing.DiscIndexer INFO: Adding disc item Sectors:184723-184725|Type:Tim|Start Offset:0|Dimensions:64x64|Palettes:1|Bpp:8
21:19 jpsxdec.indexing.DiscIndexer INFO: Adding disc item Sectors:184726-184728|Type:Tim|Start Offset:0|Dimensions:64x64|Palettes:1|Bpp:8
21:19 jpsxdec.indexing.DiscIndexer INFO: Adding disc item Sectors:184729-184731|Type:Tim|Start Offset:0|Dimensions:64x64|Palettes:1|Bpp:8
21:19 jpsxdec.indexing.DiscIndexer INFO: Adding disc item Sectors:184732-184734|Type:Tim|Start Offset:0|Dimensions:64x64|Palettes:1|Bpp:8
21:19 jpsxdec.indexing.DiscIndexer INFO: Adding disc item Sectors:184735-184737|Type:Tim|Start Offset:0|Dimensions:64x64|Palettes:1|Bpp:8
21:19 jpsxdec.indexing.DiscIndexer INFO: Adding disc item Sectors:184738-184740|Type:Tim|Start Offset:0|Dimensions:64x64|Palettes:1|Bpp:8
21:19 jpsxdec.indexing.DiscIndexer INFO: Adding disc item Sectors:184741-184743|Type:Tim|Start Offset:0|Dimensions:64x64|Palettes:1|Bpp:8
21:19 jpsxdec.indexing.DiscIndexer INFO: Adding disc item Sectors:184744-184746|Type:Tim|Start Offset:0|Dimensions:64x64|Palettes:1|Bpp:8
21:19 jpsxdec.indexing.DiscIndexer INFO: Adding disc item Sectors:184747-184749|Type:Tim|Start Offset:0|Dimensions:64x64|Palettes:1|Bpp:8
21:19 jpsxdec.indexing.DiscIndexer INFO: Adding disc item Sectors:184750-184752|Type:Tim|Start Offset:0|Dimensions:64x64|Palettes:1|Bpp:8
21:19 jpsxdec.indexing.DiscIndexer INFO: Adding disc item Sectors:184753-184755|Type:Tim|Start Offset:0|Dimensions:64x64|Palettes:1|Bpp:8
21:19 jpsxdec.indexing.DiscIndexer INFO: Adding disc item Sectors:184756-184758|Type:Tim|Start Offset:0|Dimensions:64x64|Palettes:1|Bpp:8
21:19 jpsxdec.indexing.DiscIndexer INFO: Adding disc item Sectors:184759-184761|Type:Tim|Start Offset:0|Dimensions:64x64|Palettes:1|Bpp:8
21:19 jpsxdec.indexing.DiscIndexer INFO: Adding disc item Sectors:184762-184764|Type:Tim|Start Offset:0|Dimensions:64x64|Palettes:1|Bpp:8
21:19 jpsxdec.indexing.DiscIndexer INFO: Adding disc item Sectors:184765-184767|Type:Tim|Start Offset:0|Dimensions:64x64|Palettes:1|Bpp:8
21:19 jpsxdec.indexing.DiscIndexer INFO: Adding disc item Sectors:184768-184770|Type:Tim|Start Offset:0|Dimensions:64x64|Palettes:1|Bpp:8
21:19 jpsxdec.indexing.DiscIndexer INFO: Adding disc item Sectors:184771-184773|Type:Tim|Start Offset:0|Dimensions:64x64|Palettes:1|Bpp:8
21:19 jpsxdec.indexing.DiscIndexer INFO: Adding disc item Sectors:184774-184776|Type:Tim|Start Offset:0|Dimensions:64x64|Palettes:1|Bpp:8
21:19 jpsxdec.indexing.DiscIndexer INFO: Adding disc item Sectors:184777-184779|Type:Tim|Start Offset:0|Dimensions:64x64|Palettes:1|Bpp:8
21:19 jpsxdec.indexing.DiscIndexer INFO: Adding disc item Sectors:184780-184782|Type:Tim|Start Offset:0|Dimensions:64x64|Palettes:1|Bpp:8
21:19 jpsxdec.indexing.DiscIndexer INFO: Adding disc item Sectors:184783-184785|Type:Tim|Start Offset:0|Dimensions:64x64|Palettes:1|Bpp:8
21:19 jpsxdec.indexing.DiscIndexer INFO: Adding disc item Sectors:184786-184788|Type:Tim|Start Offset:0|Dimensions:64x64|Palettes:1|Bpp:8
21:19 jpsxdec.indexing.DiscIndexer INFO: Adding disc item Sectors:184789-184791|Type:Tim|Start Offset:0|Dimensions:64x64|Palettes:1|Bpp:8
21:19 jpsxdec.indexing.DiscIndexer INFO: Adding disc item Sectors:184792-184794|Type:Tim|Start Offset:0|Dimensions:64x64|Palettes:1|Bpp:8
21:19 jpsxdec.indexing.DiscIndexer INFO: Adding disc item Sectors:184795-184797|Type:Tim|Start Offset:0|Dimensions:64x64|Palettes:1|Bpp:8
21:19 jpsxdec.indexing.DiscIndexer INFO: Adding disc item Sectors:184798-184800|Type:Tim|Start Offset:0|Dimensions:64x64|Palettes:1|Bpp:8
21:19 jpsxdec.indexing.DiscIndexer INFO: Adding disc item Sectors:184801-184803|Type:Tim|Start Offset:0|Dimensions:64x64|Palettes:1|Bpp:8
21:19 jpsxdec.indexing.DiscIndexer INFO: Adding disc item Sectors:184804-184806|Type:Tim|Start Offset:0|Dimensions:64x64|Palettes:1|Bpp:8
21:19 jpsxdec.indexing.DiscIndexer INFO: Adding disc item Sectors:184807-184809|Type:Tim|Start Offset:0|Dimensions:64x64|Palettes:1|Bpp:8
21:19 jpsxdec.indexing.DiscIndexer INFO: Adding disc item Sectors:184810-184812|Type:Tim|Start Offset:0|Dimensions:64x64|Palettes:1|Bpp:8
21:19 jpsxdec.indexing.DiscIndexer INFO: Adding disc item Sectors:184813-184815|Type:Tim|Start Offset:0|Dimensions:64x64|Palettes:1|Bpp:8
21:19 jpsxdec.indexing.DiscIndexer INFO: Adding disc item Sectors:184816-184818|Type:Tim|Start Offset:0|Dimensions:64x64|Palettes:1|Bpp:8
21:19 jpsxdec.indexing.DiscIndexer INFO: Adding disc item Sectors:184819-184821|Type:Tim|Start Offset:0|Dimensions:64x64|Palettes:1|Bpp:8
21:19 jpsxdec.indexing.DiscIndexer INFO: Adding disc item Sectors:184822-184824|Type:Tim|Start Offset:0|Dimensions:64x64|Palettes:1|Bpp:8
21:19 jpsxdec.indexing.DiscIndexer INFO: Adding disc item Sectors:184825-184827|Type:Tim|Start Offset:0|Dimensions:64x64|Palettes:1|Bpp:8
21:19 jpsxdec.indexing.DiscIndexer INFO: Adding disc item Sectors:184828-184830|Type:Tim|Start Offset:0|Dimensions:64x64|Palettes:1|Bpp:8
21:19 jpsxdec.indexing.DiscIndexer INFO: Adding disc item Sectors:184831-184833|Type:Tim|Start Offset:0|Dimensions:64x64|Palettes:1|Bpp:8
21:19 jpsxdec.indexing.DiscIndexer INFO: Adding disc item Sectors:184834-184836|Type:Tim|Start Offset:0|Dimensions:64x64|Palettes:1|Bpp:8
21:19 jpsxdec.indexing.DiscIndexer INFO: Adding disc item Sectors:184837-184839|Type:Tim|Start Offset:0|Dimensions:64x64|Palettes:1|Bpp:8
21:19 jpsxdec.indexing.DiscIndexer INFO: Adding disc item Sectors:184840-184842|Type:Tim|Start Offset:0|Dimensions:64x64|Palettes:1|Bpp:8
21:19 jpsxdec.indexing.DiscIndexer INFO: Adding disc item Sectors:184843-184845|Type:Tim|Start Offset:0|Dimensions:64x64|Palettes:1|Bpp:8
21:19 jpsxdec.indexing.DiscIndexer INFO: Adding disc item Sectors:184846-184848|Type:Tim|Start Offset:0|Dimensions:64x64|Palettes:1|Bpp:8
21:19 jpsxdec.indexing.DiscIndexer INFO: Adding disc item Sectors:184849-184851|Type:Tim|Start Offset:0|Dimensions:64x64|Palettes:1|Bpp:8
21:19 jpsxdec.indexing.DiscIndexer INFO: Adding disc item Sectors:184852-184854|Type:Tim|Start Offset:0|Dimensions:64x64|Palettes:1|Bpp:8
21:19 jpsxdec.indexing.DiscIndexer INFO: Adding disc item Sectors:184855-184857|Type:Tim|Start Offset:0|Dimensions:64x64|Palettes:1|Bpp:8
21:19 jpsxdec.indexing.DiscIndexer INFO: Adding disc item Sectors:184858-184860|Type:Tim|Start Offset:0|Dimensions:64x64|Palettes:1|Bpp:8
21:19 jpsxdec.indexing.DiscIndexer INFO: Adding disc item Sectors:184861-184863|Type:Tim|Start Offset:0|Dimensions:64x64|Palettes:1|Bpp:8
21:19 jpsxdec.indexing.DiscIndexer INFO: Adding disc item Sectors:184864-184866|Type:Tim|Start Offset:0|Dimensions:64x64|Palettes:1|Bpp:8
21:19 jpsxdec.indexing.DiscIndexer INFO: Adding disc item Sectors:184867-184869|Type:Tim|Start Offset:0|Dimensions:64x64|Palettes:1|Bpp:8
21:19 jpsxdec.indexing.DiscIndexer INFO: Adding disc item Sectors:184870-184872|Type:Tim|Start Offset:0|Dimensions:64x64|Palettes:1|Bpp:8
21:19 jpsxdec.indexing.DiscIndexer INFO: Adding disc item Sectors:184873-184875|Type:Tim|Start Offset:0|Dimensions:64x64|Palettes:1|Bpp:8
21:19 jpsxdec.indexing.DiscIndexer INFO: Adding disc item Sectors:184876-184878|Type:Tim|Start Offset:0|Dimensions:64x64|Palettes:1|Bpp:8
21:19 jpsxdec.indexing.DiscIndexer INFO: Adding disc item Sectors:184879-184881|Type:Tim|Start Offset:0|Dimensions:64x64|Palettes:1|Bpp:8
21:19 jpsxdec.indexing.DiscIndexer INFO: Adding disc item Sectors:184882-184884|Type:Tim|Start Offset:0|Dimensions:64x64|Palettes:1|Bpp:8
21:19 jpsxdec.indexing.DiscIndexer INFO: Adding disc item Sectors:184885-184887|Type:Tim|Start Offset:0|Dimensions:64x64|Palettes:1|Bpp:8
21:19 jpsxdec.indexing.DiscIndexer INFO: Adding disc item Sectors:184888-184890|Type:Tim|Start Offset:0|Dimensions:64x64|Palettes:1|Bpp:8
21:19 jpsxdec.indexing.DiscIndexer INFO: Adding disc item Sectors:184891-184893|Type:Tim|Start Offset:40|Dimensions:64x64|Palettes:1|Bpp:8
21:19 jpsxdec.indexing.DiscIndexer INFO: Adding disc item Sectors:184893-184893|Type:Tim|Start Offset:584|Dimensions:128x16|Palettes:1|Bpp:4
21:19 jpsxdec.indexing.DiscIndexer INFO: Adding disc item Sectors:184893-184894|Type:Tim|Start Offset:1672|Dimensions:16x64|Palettes:1|Bpp:4
21:19 jpsxdec.indexing.DiscIndexer INFO: Adding disc item Sectors:184894-184894|Type:Tim|Start Offset:200|Dimensions:32x32|Palettes:1|Bpp:4
21:19 jpsxdec.indexing.DiscIndexer INFO: Adding disc item Sectors:184894-184895|Type:Tim|Start Offset:776|Dimensions:96x16|Palettes:16|Bpp:4
21:19 jpsxdec.indexing.DiscIndexer INFO: Adding disc item Sectors:184895-184907|Type:Tim|Start Offset:40|Dimensions:256x192|Palettes:1|Bpp:4
21:19 jpsxdec.indexing.DiscIndexer INFO: Adding disc item Sectors:184907-184907|Type:Tim|Start Offset:104|Dimensions:12x40|Palettes:1|Bpp:4
21:19 jpsxdec.indexing.DiscIndexer INFO: Adding disc item Sectors:184907-184907|Type:Tim|Start Offset:408|Dimensions:40x12|Palettes:1|Bpp:4
21:19 jpsxdec.indexing.DiscIndexer INFO: Adding disc item Sectors:184966-184974|Type:Tim|Start Offset:0|Dimensions:256x128|Palettes:1|Bpp:4
21:19 jpsxdec.indexing.DiscIndexer INFO: Adding disc item Sectors:184980-184996|Type:Tim|Start Offset:0|Dimensions:128x256|Palettes:1|Bpp:8
21:19 jpsxdec.indexing.DiscIndexer INFO: Adding disc item Sectors:221427-221497|Type:Tim|Start Offset:0|Dimensions:320x224|Palettes:1|Bpp:16
21:19 jpsxdec.indexing.DiscIndexer INFO: Adding disc item Sectors:221498-221568|Type:Tim|Start Offset:0|Dimensions:320x224|Palettes:1|Bpp:16
21:19 jpsxdec.indexing.DiscIndexer INFO: Adding disc item Sectors:221569-221639|Type:Tim|Start Offset:0|Dimensions:320x224|Palettes:1|Bpp:16
21:19 jpsxdec.indexing.DiscIndexer INFO: Adding disc item Sectors:221640-221677|Type:Tim|Start Offset:0|Dimensions:320x240|Palettes:1|Bpp:8
21:19 jpsxdec.indexing.DiscIndexer INFO: Adding disc item Sectors:221678-221715|Type:Tim|Start Offset:0|Dimensions:320x240|Palettes:1|Bpp:8
21:19 jpsxdec.indexing.DiscIndexer INFO: Adding disc item Sectors:221716-221753|Type:Tim|Start Offset:0|Dimensions:320x240|Palettes:1|Bpp:8
21:19 jpsxdec.indexing.DiscIndexer INFO: Adding disc item Sectors:221754-221791|Type:Tim|Start Offset:0|Dimensions:320x240|Palettes:1|Bpp:8
21:19 jpsxdec.indexing.DiscIndexer INFO: Adding disc item Sectors:221792-221829|Type:Tim|Start Offset:0|Dimensions:320x240|Palettes:1|Bpp:8
21:19 jpsxdec.indexing.DiscIndexer INFO: Adding disc item Sectors:221830-221867|Type:Tim|Start Offset:0|Dimensions:320x240|Palettes:1|Bpp:8
21:19 jpsxdec.indexing.DiscIndexer INFO: Adding disc item Sectors:221868-221905|Type:Tim|Start Offset:0|Dimensions:320x240|Palettes:1|Bpp:8
21:19 jpsxdec.indexing.DiscIndexer INFO: Adding disc item Sectors:221906-221943|Type:Tim|Start Offset:0|Dimensions:320x240|Palettes:1|Bpp:8
21:19 jpsxdec.indexing.DiscIndexer INFO: Adding disc item Sectors:221944-221981|Type:Tim|Start Offset:0|Dimensions:320x240|Palettes:1|Bpp:8
21:19 jpsxdec.indexing.DiscIndexer INFO: Adding disc item Sectors:221982-222006|Type:Tim|Start Offset:0|Dimensions:256x192|Palettes:1|Bpp:8
21:19 jpsxdec.indexing.DiscIndexer INFO: Adding disc item Sectors:222007-222031|Type:Tim|Start Offset:0|Dimensions:256x192|Palettes:1|Bpp:8
21:19 jpsxdec.indexing.DiscIndexer INFO: Adding disc item Sectors:222032-222056|Type:Tim|Start Offset:0|Dimensions:256x192|Palettes:1|Bpp:8
21:19 jpsxdec.indexing.DiscIndexer INFO: Adding disc item Sectors:222057-222081|Type:Tim|Start Offset:0|Dimensions:256x192|Palettes:1|Bpp:8
21:19 jpsxdec.indexing.DiscIndexer INFO: Adding disc item Sectors:222082-222106|Type:Tim|Start Offset:0|Dimensions:256x192|Palettes:1|Bpp:8
21:19 jpsxdec.indexing.DiscIndexer INFO: Adding disc item Sectors:222107-222177|Type:Tim|Start Offset:0|Dimensions:320x224|Palettes:1|Bpp:16
21:19 jpsxdec.indexing.DiscIndexer INFO: Adding disc item Sectors:222178-222248|Type:Tim|Start Offset:0|Dimensions:320x224|Palettes:1|Bpp:16
21:19 jpsxdec.indexing.DiscIndexer INFO: Adding disc item Sectors:222249-222319|Type:Tim|Start Offset:0|Dimensions:320x224|Palettes:1|Bpp:16
21:19 jpsxdec.indexing.DiscIndexer INFO: Adding disc item Sectors:222320-222390|Type:Tim|Start Offset:0|Dimensions:320x224|Palettes:1|Bpp:16
21:19 jpsxdec.indexing.DiscIndexer INFO: Adding disc item Sectors:222391-222461|Type:Tim|Start Offset:0|Dimensions:320x224|Palettes:1|Bpp:16
21:19 jpsxdec.indexing.DiscIndexer INFO: Adding disc item Sectors:222462-222532|Type:Tim|Start Offset:0|Dimensions:320x224|Palettes:1|Bpp:16
21:19 jpsxdec.indexing.DiscIndexer INFO: Adding disc item Sectors:222533-222570|Type:Tim|Start Offset:0|Dimensions:320x240|Palettes:1|Bpp:8
21:19 jpsxdec.indexing.DiscIndexer INFO: Adding disc item Sectors:222571-222641|Type:Tim|Start Offset:0|Dimensions:320x224|Palettes:1|Bpp:16
21:19 jpsxdec.indexing.DiscIndexer INFO: Adding disc item Sectors:222642-222712|Type:Tim|Start Offset:0|Dimensions:320x224|Palettes:1|Bpp:16
21:19 jpsxdec.indexing.DiscIndexer INFO: Adding disc item Sectors:222713-222783|Type:Tim|Start Offset:0|Dimensions:320x224|Palettes:1|Bpp:16
21:19 jpsxdec.indexing.DiscIndexer INFO: Adding disc item Sectors:222784-222854|Type:Tim|Start Offset:0|Dimensions:320x224|Palettes:1|Bpp:16
21:19 jpsxdec.indexing.DiscIndexer INFO: Adding disc item Sectors:222855-222925|Type:Tim|Start Offset:0|Dimensions:320x224|Palettes:1|Bpp:16
21:19 jpsxdec.indexing.DiscIndexer INFO: Adding disc item Sectors:222926-222963|Type:Tim|Start Offset:0|Dimensions:320x240|Palettes:1|Bpp:8
21:19 jpsxdec.indexing.DiscIndexer INFO: Adding disc item Sectors:222964-223034|Type:Tim|Start Offset:0|Dimensions:320x224|Palettes:1|Bpp:16
21:19 jpsxdec.indexing.DiscIndexer INFO: Adding disc item Sectors:223035-223105|Type:Tim|Start Offset:0|Dimensions:320x224|Palettes:1|Bpp:16
21:19 jpsxdec.indexing.DiscIndexer INFO: Adding disc item Sectors:223106-223176|Type:Tim|Start Offset:0|Dimensions:320x224|Palettes:1|Bpp:16
21:19 jpsxdec.indexing.DiscIndexer INFO: Adding disc item Sectors:223177-223247|Type:Tim|Start Offset:0|Dimensions:320x224|Palettes:1|Bpp:16
21:19 jpsxdec.indexing.DiscIndexer INFO: Adding disc item Sectors:223248-223318|Type:Tim|Start Offset:0|Dimensions:320x224|Palettes:1|Bpp:16
21:19 jpsxdec.indexing.DiscIndexer INFO: Adding disc item Sectors:223319-223389|Type:Tim|Start Offset:0|Dimensions:320x224|Palettes:1|Bpp:16
21:19 jpsxdec.indexing.DiscIndexer INFO: Adding disc item Sectors:223390-223460|Type:Tim|Start Offset:0|Dimensions:320x224|Palettes:1|Bpp:16
21:19 jpsxdec.indexing.DiscIndexer INFO: Adding disc item Sectors:223461-223531|Type:Tim|Start Offset:0|Dimensions:320x224|Palettes:1|Bpp:16
21:19 jpsxdec.indexing.DiscIndexer INFO: Adding disc item Sectors:223532-223602|Type:Tim|Start Offset:0|Dimensions:320x224|Palettes:1|Bpp:16
21:19 jpsxdec.indexing.DiscIndexer INFO: Adding disc item Sectors:223603-223673|Type:Tim|Start Offset:0|Dimensions:320x224|Palettes:1|Bpp:16
21:19 jpsxdec.indexing.DiscIndexer INFO: Adding disc item Sectors:223674-223744|Type:Tim|Start Offset:0|Dimensions:320x224|Palettes:1|Bpp:16
21:19 jpsxdec.indexing.DiscIndexer INFO: Adding disc item Sectors:223745-223815|Type:Tim|Start Offset:0|Dimensions:320x224|Palettes:1|Bpp:16
21:19 jpsxdec.indexing.DiscIndexer INFO: Adding disc item Sectors:223816-223886|Type:Tim|Start Offset:0|Dimensions:320x224|Palettes:1|Bpp:16
21:19 jpsxdec.indexing.DiscIndexer INFO: Adding disc item Sectors:223887-223957|Type:Tim|Start Offset:0|Dimensions:320x224|Palettes:1|Bpp:16
21:19 jpsxdec.indexing.DiscIndexer INFO: Adding disc item Sectors:223958-224028|Type:Tim|Start Offset:0|Dimensions:320x224|Palettes:1|Bpp:16
21:19 jpsxdec.indexing.DiscIndexer INFO: Adding disc item Sectors:224029-224099|Type:Tim|Start Offset:0|Dimensions:320x224|Palettes:1|Bpp:16
21:19 jpsxdec.indexing.DiscIndexer INFO: Adding disc item Sectors:224100-224170|Type:Tim|Start Offset:0|Dimensions:320x224|Palettes:1|Bpp:16
21:19 jpsxdec.indexing.DiscIndexer INFO: Adding disc item Sectors:224171-224208|Type:Tim|Start Offset:0|Dimensions:320x240|Palettes:1|Bpp:8
21:19 jpsxdec.indexing.DiscIndexer INFO: Adding disc item Sectors:224209-224279|Type:Tim|Start Offset:0|Dimensions:320x224|Palettes:1|Bpp:16
21:19 jpsxdec.indexing.DiscIndexer INFO: Adding disc item Sectors:224280-224350|Type:Tim|Start Offset:0|Dimensions:320x224|Palettes:1|Bpp:16
21:19 jpsxdec.indexing.DiscIndexer INFO: Adding disc item Sectors:224351-224421|Type:Tim|Start Offset:0|Dimensions:320x224|Palettes:1|Bpp:16
21:19 jpsxdec.indexing.DiscIndexer INFO: Adding disc item Sectors:224422-224492|Type:Tim|Start Offset:0|Dimensions:320x224|Palettes:1|Bpp:16
21:19 jpsxdec.indexing.DiscIndexer INFO: Adding disc item Sectors:224493-224563|Type:Tim|Start Offset:0|Dimensions:320x224|Palettes:1|Bpp:16
21:19 jpsxdec.indexing.DiscIndexer INFO: Adding disc item Sectors:224564-224634|Type:Tim|Start Offset:0|Dimensions:320x224|Palettes:1|Bpp:16
21:19 jpsxdec.indexing.DiscIndexer INFO: Adding disc item Sectors:224635-224705|Type:Tim|Start Offset:0|Dimensions:320x224|Palettes:1|Bpp:16
21:19 jpsxdec.indexing.DiscIndexer INFO: Adding disc item Sectors:224706-224776|Type:Tim|Start Offset:0|Dimensions:320x224|Palettes:1|Bpp:16
21:19 jpsxdec.indexing.DiscIndexer INFO: Adding disc item Sectors:224777-224847|Type:Tim|Start Offset:0|Dimensions:320x224|Palettes:1|Bpp:16
21:19 jpsxdec.indexing.DiscIndexer INFO: Adding disc item Sectors:224848-224918|Type:Tim|Start Offset:0|Dimensions:320x224|Palettes:1|Bpp:16
21:19 jpsxdec.indexing.DiscIndexer INFO: Adding disc item Sectors:224919-224989|Type:Tim|Start Offset:0|Dimensions:320x224|Palettes:1|Bpp:16
21:19 jpsxdec.indexing.DiscIndexer INFO: Adding disc item Sectors:224990-225060|Type:Tim|Start Offset:0|Dimensions:320x224|Palettes:1|Bpp:16
21:19 jpsxdec.indexing.DiscIndexer INFO: Adding disc item Sectors:225061-225131|Type:Tim|Start Offset:0|Dimensions:320x224|Palettes:1|Bpp:16
21:19 jpsxdec.indexing.DiscIndexer INFO: Adding disc item Sectors:225132-225156|Type:Tim|Start Offset:0|Dimensions:256x192|Palettes:1|Bpp:8
21:19 jpsxdec.indexing.DiscIndexer INFO: Adding disc item Sectors:225157-225181|Type:Tim|Start Offset:0|Dimensions:256x192|Palettes:1|Bpp:8
21:19 jpsxdec.indexing.DiscIndexer INFO: Adding disc item Sectors:225182-225206|Type:Tim|Start Offset:0|Dimensions:256x192|Palettes:1|Bpp:8
21:19 jpsxdec.indexing.DiscIndexer INFO: Adding disc item Sectors:225207-225247|Type:Tim|Start Offset:0|Dimensions:320x256|Palettes:1|Bpp:8
21:19 jpsxdec.indexing.DiscIndexer INFO: Adding disc item Sectors:225248-225288|Type:Tim|Start Offset:0|Dimensions:320x256|Palettes:1|Bpp:8
21:19 jpsxdec.indexing.DiscIndexer INFO: Adding disc item Sectors:225289-225329|Type:Tim|Start Offset:0|Dimensions:320x256|Palettes:1|Bpp:8
21:19 jpsxdec.indexing.DiscIndexer INFO: Adding disc item Sectors:225330-225400|Type:Tim|Start Offset:0|Dimensions:320x224|Palettes:1|Bpp:16
21:19 jpsxdec.indexing.DiscIndexer INFO: Adding disc item Sectors:225401-225471|Type:Tim|Start Offset:0|Dimensions:320x224|Palettes:1|Bpp:16
21:19 jpsxdec.indexing.DiscIndexer INFO: Adding disc item Sectors:225472-225542|Type:Tim|Start Offset:0|Dimensions:320x224|Palettes:1|Bpp:16
21:19 jpsxdec.indexing.DiscIndexer INFO: Adding disc item Sectors:225543-225613|Type:Tim|Start Offset:0|Dimensions:320x224|Palettes:1|Bpp:16
21:19 jpsxdec.indexing.DiscIndexer INFO: Adding disc item Sectors:225614-225684|Type:Tim|Start Offset:0|Dimensions:320x224|Palettes:1|Bpp:16
21:19 jpsxdec.indexing.DiscIndexer INFO: Adding disc item Sectors:225685-225755|Type:Tim|Start Offset:0|Dimensions:320x224|Palettes:1|Bpp:16
21:19 jpsxdec.indexing.DiscIndexer INFO: Adding disc item Sectors:225756-225826|Type:Tim|Start Offset:0|Dimensions:320x224|Palettes:1|Bpp:16
21:19 jpsxdec.indexing.DiscIndexer INFO: Adding disc item Sectors:225827-225897|Type:Tim|Start Offset:0|Dimensions:320x224|Palettes:1|Bpp:16
21:19 jpsxdec.indexing.DiscIndexer INFO: Adding disc item Sectors:225898-225922|Type:Tim|Start Offset:0|Dimensions:256x192|Palettes:1|Bpp:8
21:19 jpsxdec.indexing.DiscIndexer INFO: Adding disc item Sectors:225923-225947|Type:Tim|Start Offset:0|Dimensions:256x192|Palettes:1|Bpp:8
21:19 jpsxdec.indexing.DiscIndexer INFO: Adding disc item Sectors:225948-225972|Type:Tim|Start Offset:0|Dimensions:256x192|Palettes:1|Bpp:8
21:19 jpsxdec.indexing.DiscIndexer INFO: Adding disc item Sectors:225973-225997|Type:Tim|Start Offset:0|Dimensions:256x192|Palettes:1|Bpp:8
21:19 jpsxdec.indexing.DiscIndexer INFO: Adding disc item Sectors:225998-226022|Type:Tim|Start Offset:0|Dimensions:256x192|Palettes:1|Bpp:8
21:19 jpsxdec.indexing.DiscIndexer INFO: Adding disc item Sectors:226023-226047|Type:Tim|Start Offset:0|Dimensions:256x192|Palettes:1|Bpp:8
21:19 jpsxdec.indexing.DiscIndexer INFO: Adding disc item Sectors:226048-226067|Type:Tim|Start Offset:0|Dimensions:256x156|Palettes:1|Bpp:8
21:19 jpsxdec.indexing.DiscIndexer INFO: Adding disc item Sectors:226068-226138|Type:Tim|Start Offset:0|Dimensions:320x224|Palettes:1|Bpp:16
21:19 jpsxdec.indexing.DiscIndexer INFO: Adding disc item Sectors:226139-226209|Type:Tim|Start Offset:0|Dimensions:320x224|Palettes:1|Bpp:16
21:19 jpsxdec.indexing.DiscIndexer INFO: Adding disc item Sectors:226210-226280|Type:Tim|Start Offset:0|Dimensions:320x224|Palettes:1|Bpp:16
21:19 jpsxdec.indexing.DiscIndexer INFO: Adding disc item Sectors:226281-226351|Type:Tim|Start Offset:0|Dimensions:320x224|Palettes:1|Bpp:16
21:19 jpsxdec.indexing.DiscIndexer INFO: Adding disc item Sectors:226352-226422|Type:Tim|Start Offset:0|Dimensions:640x224|Palettes:1|Bpp:8
21:19 jpsxdec.indexing.DiscIndexer INFO: Adding disc item Sectors:226423-226493|Type:Tim|Start Offset:0|Dimensions:640x224|Palettes:1|Bpp:8
21:19 jpsxdec.indexing.DiscIndexer INFO: Adding disc item ID:SLUS_006.69|Sectors:172918-173065|Type:File|Size:303104|Path:SLUS_006.69|Has mode 2 form 2:No|Has CD audio:No
21:19 jpsxdec.indexing.DiscIndexer INFO: Adding disc item ID:SYSTEM.CNF|Sectors:172917-172917|Type:File|Size:67|Path:SYSTEM.CNF|Has mode 2 form 2:No|Has CD audio:No
21:19 jpsxdec.modules.video.sectorbased.fps.StrFrameRateCalc INFO: Matching fps sequence: "10.0 sectors/frame" 10 length 6500 matches@0 1:1=true
21:19 jpsxdec.modules.video.sectorbased.fps.StrFrameRateCalc INFO: Possible frame rates: [2, 5, 10] Chose 10
21:19 jpsxdec.modules.video.sectorbased.fps.StrFrameRateCalc INFO: Sectors 166297-172796 (6500) frames 650 average 10 CASE1001011 old 10 new 10 @000000 vfr false 10.0 sectors/frame
21:19 jpsxdec.indexing.DiscIndexer INFO: Adding disc item Sectors:166297-172796|Type:Video|Dimensions:320x224|Frame Count:650|Sector Frames:166297-172787|Sectors/Frame:10/1|1st frame end sector:9|Header Frames:1-650
21:19 index INFO: Time: 12.9 sec
21:19 jpsxdec.indexing.SectorTypeCounter INFO: ISO9660 Directory Records 1
21:19 jpsxdec.indexing.SectorTypeCounter INFO: ISO9660 Volume Primary Descriptor 1
21:19 jpsxdec.indexing.SectorTypeCounter INFO: STR Str 150486
21:19 jpsxdec.indexing.SectorTypeCounter INFO: Unknown 120719
21:19 jpsxdec.indexing.SectorTypeCounter INFO: XA Audio 21604
21:19 jpsxdec.indexing.SectorTypeCounter INFO: XA Empty 4
21:19 jpsxdec.modules.video.save.VDP INFO: Bitstream format: BitStreamUncompressor_STRv2
21:21 jpsxdec.cdreaders.CdOpener INFO: C:\Users\JO\Desktop\XENO_ARC\Xenogears\XenogearsUSACD2.bin
21:21 jpsxdec.cdreaders.SectorFactory INFO: Attempting to identify as 2448
21:21 jpsxdec.cdreaders.SectorFactory INFO: Attempting to identify as 2352
21:21 jpsxdec.cdreaders.SectorFactory INFO: Disc type identified as 2352
21:21 index INFO: Indexing Filename:C:\Users\JO\Desktop\XENO_ARC\Xenogears\XenogearsUSACD2.bin|Sector size:2352|Sector count:292815|First sector offset:0
21:21 jpsxdec.indexing.DiscIndexer INFO: Adding disc item Sectors:48-67432|Type:XA|File:1|Channel:1|Stereo?:Yes|Samples/Sec:37800|Bits/Sample:4|Sector stride:8|Disc speed:2x
21:21 jpsxdec.modules.video.sectorbased.fps.StrFrameRateCalc INFO: Matching fps sequence: "10.0 sectors/frame" 10 length 67250 matches@0 1:1=true
21:21 jpsxdec.modules.video.sectorbased.fps.StrFrameRateCalc INFO: Possible frame rates: [2, 5, 10] Chose 10
21:21 jpsxdec.modules.video.sectorbased.fps.StrFrameRateCalc INFO: Sectors 41-67290 (67250) frames 6725 average 10 CASE1001011 old 10 new 10 @000000 vfr false 10.0 sectors/frame
21:21 jpsxdec.indexing.DiscIndexer INFO: Adding disc item Sectors:41-67290|Type:Video|Dimensions:320x224|Frame Count:6725|Sector Frames:41-67281|Sectors/Frame:10/1|1st frame end sector:9|Header Frames:1-6725
21:21 jpsxdec.indexing.DiscIndexer INFO: Adding disc item Sectors:67440-72504|Type:XA|File:1|Channel:1|Stereo?:Yes|Samples/Sec:37800|Bits/Sample:4|Sector stride:8|Disc speed:2x
21:21 jpsxdec.modules.video.sectorbased.fps.StrFrameRateCalc INFO: Matching fps sequence: "10.0 sectors/frame" 10 length 5050 matches@0 1:1=true
21:21 jpsxdec.modules.video.sectorbased.fps.StrFrameRateCalc INFO: Possible frame rates: [2, 5, 10] Chose 10
21:21 jpsxdec.modules.video.sectorbased.fps.StrFrameRateCalc INFO: Sectors 67433-72482 (5050) frames 505 average 10 CASE1001011 old 10 new 10 @000000 vfr false 10.0 sectors/frame
21:21 jpsxdec.indexing.DiscIndexer INFO: Adding disc item Sectors:67433-72482|Type:Video|Dimensions:320x224|Frame Count:505|Sector Frames:67433-72473|Sectors/Frame:10/1|1st frame end sector:9|Header Frames:1-505
21:21 jpsxdec.indexing.DiscIndexer INFO: Adding disc item Sectors:72512-74096|Type:XA|File:1|Channel:1|Stereo?:Yes|Samples/Sec:37800|Bits/Sample:4|Sector stride:8|Disc speed:2x
21:21 jpsxdec.modules.video.sectorbased.fps.StrFrameRateCalc INFO: Matching fps sequence: "10.0 sectors/frame" 10 length 1530 matches@0 1:1=true
21:21 jpsxdec.modules.video.sectorbased.fps.StrFrameRateCalc INFO: Possible frame rates: [2, 5, 10] Chose 10
21:21 jpsxdec.modules.video.sectorbased.fps.StrFrameRateCalc INFO: Sectors 72505-74034 (1530) frames 153 average 10 CASE1001011 old 10 new 10 @000000 vfr false 10.0 sectors/frame
21:21 jpsxdec.indexing.DiscIndexer INFO: Adding disc item Sectors:72505-74034|Type:Video|Dimensions:320x224|Frame Count:153|Sector Frames:72505-74025|Sectors/Frame:10/1|1st frame end sector:9|Header Frames:1-153
21:21 jpsxdec.indexing.DiscIndexer INFO: Adding disc item Sectors:74104-79568|Type:XA|File:1|Channel:1|Stereo?:Yes|Samples/Sec:37800|Bits/Sample:4|Sector stride:8|Disc speed:2x
21:21 jpsxdec.modules.video.sectorbased.fps.StrFrameRateCalc INFO: Matching fps sequence: "10.0 sectors/frame" 10 length 5399 matches@0 1:1=true
21:21 jpsxdec.modules.video.sectorbased.fps.StrFrameRateCalc INFO: Possible frame rates: [2, 5, 10] Chose 10
21:21 jpsxdec.modules.video.sectorbased.fps.StrFrameRateCalc INFO: Sectors 74097-79495 (5399) frames 540 average 5399/540 (9.9981) CASE1001011 old 10 new 10 @000000 vfr false 10.0 sectors/frame
21:21 jpsxdec.indexing.DiscIndexer INFO: Adding disc item Sectors:74097-79495|Type:Video|Dimensions:320x224|Frame Count:540|Sector Frames:74097-79487|Sectors/Frame:10/1|1st frame end sector:9|Header Frames:1-540
21:21 jpsxdec.indexing.DiscIndexer INFO: Adding disc item Sectors:79576-117696|Type:XA|File:1|Channel:1|Stereo?:Yes|Samples/Sec:37800|Bits/Sample:4|Sector stride:8|Disc speed:2x
21:21 jpsxdec.modules.video.sectorbased.fps.StrFrameRateCalc INFO: Matching fps sequence: "10.0 sectors/frame" 10 length 37999 matches@0 1:1=true
21:21 jpsxdec.modules.video.sectorbased.fps.StrFrameRateCalc INFO: Possible frame rates: [2, 5, 10] Chose 10
21:21 jpsxdec.modules.video.sectorbased.fps.StrFrameRateCalc INFO: Sectors 79569-117567 (37999) frames 3800 average 37999/3800 (9.9997) CASE1001011 old 10 new 10 @000000 vfr false 10.0 sectors/frame
21:21 jpsxdec.indexing.DiscIndexer INFO: Adding disc item Sectors:79569-117567|Type:Video|Dimensions:320x224|Frame Count:3800|Sector Frames:79569-117559|Sectors/Frame:10/1|1st frame end sector:9|Header Frames:1-3800
21:21 jpsxdec.indexing.DiscIndexer INFO: Adding disc item Sectors:117704-120312|Type:XA|File:1|Channel:1|Stereo?:Yes|Samples/Sec:37800|Bits/Sample:4|Sector stride:8|Disc speed:2x
21:21 jpsxdec.modules.video.sectorbased.fps.StrFrameRateCalc INFO: Matching fps sequence: "10.0 sectors/frame" 10 length 2550 matches@0 1:1=true
21:21 jpsxdec.modules.video.sectorbased.fps.StrFrameRateCalc INFO: Possible frame rates: [2, 5, 10] Chose 10
21:21 jpsxdec.modules.video.sectorbased.fps.StrFrameRateCalc INFO: Sectors 117697-120246 (2550) frames 255 average 10 CASE1001011 old 10 new 10 @000000 vfr false 10.0 sectors/frame
21:21 jpsxdec.indexing.DiscIndexer INFO: Adding disc item Sectors:117697-120246|Type:Video|Dimensions:320x224|Frame Count:255|Sector Frames:117697-120237|Sectors/Frame:10/1|1st frame end sector:9|Header Frames:1-255
21:21 jpsxdec.indexing.DiscIndexer INFO: Adding disc item Sectors:120320-146856|Type:XA|File:1|Channel:1|Stereo?:Yes|Samples/Sec:37800|Bits/Sample:4|Sector stride:8|Disc speed:2x
21:21 jpsxdec.modules.video.sectorbased.fps.StrFrameRateCalc INFO: Matching fps sequence: "10.0 sectors/frame" 10 length 26519 matches@0 1:1=true
21:21 jpsxdec.modules.video.sectorbased.fps.StrFrameRateCalc INFO: Possible frame rates: [2, 5, 10] Chose 10
21:21 jpsxdec.modules.video.sectorbased.fps.StrFrameRateCalc INFO: Sectors 120313-146831 (26519) frames 2652 average 26519/2652 (9.9996) CASE1001011 old 10 new 10 @000000 vfr false 10.0 sectors/frame
21:21 jpsxdec.indexing.DiscIndexer INFO: Adding disc item Sectors:120313-146831|Type:Video|Dimensions:320x224|Frame Count:2652|Sector Frames:120313-146823|Sectors/Frame:10/1|1st frame end sector:9|Header Frames:1-2652
21:21 jpsxdec.indexing.DiscIndexer INFO: Adding disc item Sectors:146864-149312|Type:XA|File:1|Channel:1|Stereo?:Yes|Samples/Sec:37800|Bits/Sample:4|Sector stride:8|Disc speed:2x
21:21 jpsxdec.modules.video.sectorbased.fps.StrFrameRateCalc INFO: Matching fps sequence: "10.0 sectors/frame" 10 length 2370 matches@0 1:1=true
21:21 jpsxdec.modules.video.sectorbased.fps.StrFrameRateCalc INFO: Possible frame rates: [2, 5, 10] Chose 10
21:21 jpsxdec.modules.video.sectorbased.fps.StrFrameRateCalc INFO: Sectors 146857-149226 (2370) frames 237 average 10 CASE1001011 old 10 new 10 @000000 vfr false 10.0 sectors/frame
21:21 jpsxdec.indexing.DiscIndexer INFO: Adding disc item Sectors:146857-149226|Type:Video|Dimensions:320x224|Frame Count:237|Sector Frames:146857-149217|Sectors/Frame:10/1|1st frame end sector:9|Header Frames:1-237
21:21 jpsxdec.indexing.DiscIndexer INFO: Adding disc item Sectors:149320-158376|Type:XA|File:1|Channel:1|Stereo?:Yes|Samples/Sec:37800|Bits/Sample:4|Sector stride:8|Disc speed:2x
21:21 jpsxdec.modules.video.sectorbased.fps.StrFrameRateCalc INFO: Matching fps sequence: "10.0 sectors/frame" 10 length 9010 matches@0 1:1=true
21:21 jpsxdec.modules.video.sectorbased.fps.StrFrameRateCalc INFO: Possible frame rates: [2, 5, 10] Chose 10
21:21 jpsxdec.modules.video.sectorbased.fps.StrFrameRateCalc INFO: Sectors 149313-158322 (9010) frames 901 average 10 CASE1001011 old 10 new 10 @000000 vfr false 10.0 sectors/frame
21:21 jpsxdec.indexing.DiscIndexer INFO: Adding disc item Sectors:149313-158322|Type:Video|Dimensions:320x224|Frame Count:901|Sector Frames:149313-158313|Sectors/Frame:10/1|1st frame end sector:9|Header Frames:1-901
21:21 jpsxdec.indexing.DiscIndexer INFO: Adding disc item Sectors:158384-160744|Type:XA|File:1|Channel:1|Stereo?:Yes|Samples/Sec:37800|Bits/Sample:4|Sector stride:8|Disc speed:2x
21:21 jpsxdec.modules.video.sectorbased.fps.StrFrameRateCalc INFO: Matching fps sequence: "10.0 sectors/frame" 10 length 2300 matches@0 1:1=true
21:21 jpsxdec.modules.video.sectorbased.fps.StrFrameRateCalc INFO: Possible frame rates: [2, 5, 10] Chose 10
21:21 jpsxdec.modules.video.sectorbased.fps.StrFrameRateCalc INFO: Sectors 158377-160676 (2300) frames 230 average 10 CASE1001011 old 10 new 10 @000000 vfr false 10.0 sectors/frame
21:21 jpsxdec.indexing.DiscIndexer INFO: Adding disc item Sectors:158377-160676|Type:Video|Dimensions:320x224|Frame Count:230|Sector Frames:158377-160667|Sectors/Frame:10/1|1st frame end sector:9|Header Frames:1-230
21:21 jpsxdec.indexing.DiscIndexer INFO: Adding disc item Sectors:160752-166296|Type:XA|File:1|Channel:1|Stereo?:Yes|Samples/Sec:37800|Bits/Sample:4|Sector stride:8|Disc speed:2x
21:21 jpsxdec.modules.video.sectorbased.fps.StrFrameRateCalc INFO: Matching fps sequence: "10.0 sectors/frame" 10 length 5500 matches@0 1:1=true
21:21 jpsxdec.modules.video.sectorbased.fps.StrFrameRateCalc INFO: Possible frame rates: [2, 5, 10] Chose 10
21:21 jpsxdec.modules.video.sectorbased.fps.StrFrameRateCalc INFO: Sectors 160745-166244 (5500) frames 550 average 10 CASE1001011 old 10 new 10 @000000 vfr false 10.0 sectors/frame
21:21 jpsxdec.indexing.DiscIndexer INFO: Adding disc item Sectors:160745-166244|Type:Video|Dimensions:320x224|Frame Count:550|Sector Frames:160745-166235|Sectors/Frame:10/1|1st frame end sector:9|Header Frames:1-550
21:21 jpsxdec.indexing.DiscIndexer INFO: Adding disc item Sectors:166304-172872|Type:XA|File:1|Channel:1|Stereo?:Yes|Samples/Sec:37800|Bits/Sample:4|Sector stride:8|Disc speed:2x
21:21 jpsxdec.indexing.DiscIndexer INFO: Adding disc item Sectors:184618-184620|Type:Tim|Start Offset:0|Dimensions:64x64|Palettes:1|Bpp:8
21:21 jpsxdec.indexing.DiscIndexer INFO: Adding disc item Sectors:184621-184623|Type:Tim|Start Offset:0|Dimensions:64x64|Palettes:1|Bpp:8
21:21 jpsxdec.indexing.DiscIndexer INFO: Adding disc item Sectors:184624-184626|Type:Tim|Start Offset:0|Dimensions:64x64|Palettes:1|Bpp:8
21:21 jpsxdec.indexing.DiscIndexer INFO: Adding disc item Sectors:184627-184629|Type:Tim|Start Offset:0|Dimensions:64x64|Palettes:1|Bpp:8
21:21 jpsxdec.indexing.DiscIndexer INFO: Adding disc item Sectors:184630-184632|Type:Tim|Start Offset:0|Dimensions:64x64|Palettes:1|Bpp:8
21:21 jpsxdec.indexing.DiscIndexer INFO: Adding disc item Sectors:184633-184635|Type:Tim|Start Offset:0|Dimensions:64x64|Palettes:1|Bpp:8
21:21 jpsxdec.indexing.DiscIndexer INFO: Adding disc item Sectors:184636-184638|Type:Tim|Start Offset:0|Dimensions:64x64|Palettes:1|Bpp:8
21:21 jpsxdec.indexing.DiscIndexer INFO: Adding disc item Sectors:184639-184641|Type:Tim|Start Offset:0|Dimensions:64x64|Palettes:1|Bpp:8
21:21 jpsxdec.indexing.DiscIndexer INFO: Adding disc item Sectors:184642-184644|Type:Tim|Start Offset:0|Dimensions:64x64|Palettes:1|Bpp:8
21:21 jpsxdec.indexing.DiscIndexer INFO: Adding disc item Sectors:184645-184647|Type:Tim|Start Offset:0|Dimensions:64x64|Palettes:1|Bpp:8
21:21 jpsxdec.indexing.DiscIndexer INFO: Adding disc item Sectors:184648-184650|Type:Tim|Start Offset:0|Dimensions:64x64|Palettes:1|Bpp:8
21:21 jpsxdec.indexing.DiscIndexer INFO: Adding disc item Sectors:184651-184653|Type:Tim|Start Offset:0|Dimensions:64x64|Palettes:1|Bpp:8
21:21 jpsxdec.indexing.DiscIndexer INFO: Adding disc item Sectors:184654-184656|Type:Tim|Start Offset:0|Dimensions:64x64|Palettes:1|Bpp:8
21:21 jpsxdec.indexing.DiscIndexer INFO: Adding disc item Sectors:184657-184659|Type:Tim|Start Offset:0|Dimensions:64x64|Palettes:1|Bpp:8
21:21 jpsxdec.indexing.DiscIndexer INFO: Adding disc item Sectors:184660-184662|Type:Tim|Start Offset:0|Dimensions:64x64|Palettes:1|Bpp:8
21:21 jpsxdec.indexing.DiscIndexer INFO: Adding disc item Sectors:184663-184665|Type:Tim|Start Offset:0|Dimensions:64x64|Palettes:1|Bpp:8
21:21 jpsxdec.indexing.DiscIndexer INFO: Adding disc item Sectors:184666-184668|Type:Tim|Start Offset:0|Dimensions:64x64|Palettes:1|Bpp:8
21:21 jpsxdec.indexing.DiscIndexer INFO: Adding disc item Sectors:184669-184671|Type:Tim|Start Offset:0|Dimensions:64x64|Palettes:1|Bpp:8
21:21 jpsxdec.indexing.DiscIndexer INFO: Adding disc item Sectors:184672-184674|Type:Tim|Start Offset:0|Dimensions:64x64|Palettes:1|Bpp:8
21:21 jpsxdec.indexing.DiscIndexer INFO: Adding disc item Sectors:184675-184677|Type:Tim|Start Offset:0|Dimensions:64x64|Palettes:1|Bpp:8
21:21 jpsxdec.indexing.DiscIndexer INFO: Adding disc item Sectors:184678-184680|Type:Tim|Start Offset:0|Dimensions:64x64|Palettes:1|Bpp:8
21:21 jpsxdec.indexing.DiscIndexer INFO: Adding disc item Sectors:184681-184683|Type:Tim|Start Offset:0|Dimensions:64x64|Palettes:1|Bpp:8
21:21 jpsxdec.indexing.DiscIndexer INFO: Adding disc item Sectors:184684-184686|Type:Tim|Start Offset:0|Dimensions:64x64|Palettes:1|Bpp:8
21:21 jpsxdec.indexing.DiscIndexer INFO: Adding disc item Sectors:184687-184689|Type:Tim|Start Offset:0|Dimensions:64x64|Palettes:1|Bpp:8
21:21 jpsxdec.indexing.DiscIndexer INFO: Adding disc item Sectors:184690-184692|Type:Tim|Start Offset:0|Dimensions:64x64|Palettes:1|Bpp:8
21:21 jpsxdec.indexing.DiscIndexer INFO: Adding disc item Sectors:184693-184695|Type:Tim|Start Offset:0|Dimensions:64x64|Palettes:1|Bpp:8
21:21 jpsxdec.indexing.DiscIndexer INFO: Adding disc item Sectors:184696-184698|Type:Tim|Start Offset:0|Dimensions:64x64|Palettes:1|Bpp:8
21:21 jpsxdec.indexing.DiscIndexer INFO: Adding disc item Sectors:184699-184701|Type:Tim|Start Offset:0|Dimensions:64x64|Palettes:1|Bpp:8
21:21 jpsxdec.indexing.DiscIndexer INFO: Adding disc item Sectors:184702-184704|Type:Tim|Start Offset:0|Dimensions:64x64|Palettes:1|Bpp:8
21:21 jpsxdec.indexing.DiscIndexer INFO: Adding disc item Sectors:184705-184707|Type:Tim|Start Offset:0|Dimensions:64x64|Palettes:1|Bpp:8
21:21 jpsxdec.indexing.DiscIndexer INFO: Adding disc item Sectors:184708-184710|Type:Tim|Start Offset:0|Dimensions:64x64|Palettes:1|Bpp:8
21:21 jpsxdec.indexing.DiscIndexer INFO: Adding disc item Sectors:184711-184713|Type:Tim|Start Offset:0|Dimensions:64x64|Palettes:1|Bpp:8
21:21 jpsxdec.indexing.DiscIndexer INFO: Adding disc item Sectors:184714-184716|Type:Tim|Start Offset:0|Dimensions:64x64|Palettes:1|Bpp:8
21:21 jpsxdec.indexing.DiscIndexer INFO: Adding disc item Sectors:184717-184719|Type:Tim|Start Offset:0|Dimensions:64x64|Palettes:1|Bpp:8
21:21 jpsxdec.indexing.DiscIndexer INFO: Adding disc item Sectors:184720-184722|Type:Tim|Start Offset:0|Dimensions:64x64|Palettes:1|Bpp:8
21:21 jpsxdec.indexing.DiscIndexer INFO: Adding disc item Sectors:184723-184725|Type:Tim|Start Offset:0|Dimensions:64x64|Palettes:1|Bpp:8
21:21 jpsxdec.indexing.DiscIndexer INFO: Adding disc item Sectors:184726-184728|Type:Tim|Start Offset:0|Dimensions:64x64|Palettes:1|Bpp:8
21:21 jpsxdec.indexing.DiscIndexer INFO: Adding disc item Sectors:184729-184731|Type:Tim|Start Offset:0|Dimensions:64x64|Palettes:1|Bpp:8
21:21 jpsxdec.indexing.DiscIndexer INFO: Adding disc item Sectors:184732-184734|Type:Tim|Start Offset:0|Dimensions:64x64|Palettes:1|Bpp:8
21:21 jpsxdec.indexing.DiscIndexer INFO: Adding disc item Sectors:184735-184737|Type:Tim|Start Offset:0|Dimensions:64x64|Palettes:1|Bpp:8
21:21 jpsxdec.indexing.DiscIndexer INFO: Adding disc item Sectors:184738-184740|Type:Tim|Start Offset:0|Dimensions:64x64|Palettes:1|Bpp:8
21:21 jpsxdec.indexing.DiscIndexer INFO: Adding disc item Sectors:184741-184743|Type:Tim|Start Offset:0|Dimensions:64x64|Palettes:1|Bpp:8
21:21 jpsxdec.indexing.DiscIndexer INFO: Adding disc item Sectors:184744-184746|Type:Tim|Start Offset:0|Dimensions:64x64|Palettes:1|Bpp:8
21:21 jpsxdec.indexing.DiscIndexer INFO: Adding disc item Sectors:184747-184749|Type:Tim|Start Offset:0|Dimensions:64x64|Palettes:1|Bpp:8
21:21 jpsxdec.indexing.DiscIndexer INFO: Adding disc item Sectors:184750-184752|Type:Tim|Start Offset:0|Dimensions:64x64|Palettes:1|Bpp:8
21:21 jpsxdec.indexing.DiscIndexer INFO: Adding disc item Sectors:184753-184755|Type:Tim|Start Offset:0|Dimensions:64x64|Palettes:1|Bpp:8
21:21 jpsxdec.indexing.DiscIndexer INFO: Adding disc item Sectors:184756-184758|Type:Tim|Start Offset:0|Dimensions:64x64|Palettes:1|Bpp:8
21:21 jpsxdec.indexing.DiscIndexer INFO: Adding disc item Sectors:184759-184761|Type:Tim|Start Offset:0|Dimensions:64x64|Palettes:1|Bpp:8
21:21 jpsxdec.indexing.DiscIndexer INFO: Adding disc item Sectors:184762-184764|Type:Tim|Start Offset:0|Dimensions:64x64|Palettes:1|Bpp:8
21:21 jpsxdec.indexing.DiscIndexer INFO: Adding disc item Sectors:184765-184767|Type:Tim|Start Offset:0|Dimensions:64x64|Palettes:1|Bpp:8
21:21 jpsxdec.indexing.DiscIndexer INFO: Adding disc item Sectors:184768-184770|Type:Tim|Start Offset:0|Dimensions:64x64|Palettes:1|Bpp:8
21:21 jpsxdec.indexing.DiscIndexer INFO: Adding disc item Sectors:184771-184773|Type:Tim|Start Offset:0|Dimensions:64x64|Palettes:1|Bpp:8
21:21 jpsxdec.indexing.DiscIndexer INFO: Adding disc item Sectors:184774-184776|Type:Tim|Start Offset:0|Dimensions:64x64|Palettes:1|Bpp:8
21:21 jpsxdec.indexing.DiscIndexer INFO: Adding disc item Sectors:184777-184779|Type:Tim|Start Offset:0|Dimensions:64x64|Palettes:1|Bpp:8
21:21 jpsxdec.indexing.DiscIndexer INFO: Adding disc item Sectors:184780-184782|Type:Tim|Start Offset:0|Dimensions:64x64|Palettes:1|Bpp:8
21:21 jpsxdec.indexing.DiscIndexer INFO: Adding disc item Sectors:184783-184785|Type:Tim|Start Offset:0|Dimensions:64x64|Palettes:1|Bpp:8
21:21 jpsxdec.indexing.DiscIndexer INFO: Adding disc item Sectors:184786-184788|Type:Tim|Start Offset:0|Dimensions:64x64|Palettes:1|Bpp:8
21:21 jpsxdec.indexing.DiscIndexer INFO: Adding disc item Sectors:184789-184791|Type:Tim|Start Offset:0|Dimensions:64x64|Palettes:1|Bpp:8
21:21 jpsxdec.indexing.DiscIndexer INFO: Adding disc item Sectors:184792-184794|Type:Tim|Start Offset:0|Dimensions:64x64|Palettes:1|Bpp:8
21:21 jpsxdec.indexing.DiscIndexer INFO: Adding disc item Sectors:184795-184797|Type:Tim|Start Offset:0|Dimensions:64x64|Palettes:1|Bpp:8
21:21 jpsxdec.indexing.DiscIndexer INFO: Adding disc item Sectors:184798-184800|Type:Tim|Start Offset:0|Dimensions:64x64|Palettes:1|Bpp:8
21:21 jpsxdec.indexing.DiscIndexer INFO: Adding disc item Sectors:184801-184803|Type:Tim|Start Offset:0|Dimensions:64x64|Palettes:1|Bpp:8
21:21 jpsxdec.indexing.DiscIndexer INFO: Adding disc item Sectors:184804-184806|Type:Tim|Start Offset:0|Dimensions:64x64|Palettes:1|Bpp:8
21:21 jpsxdec.indexing.DiscIndexer INFO: Adding disc item Sectors:184807-184809|Type:Tim|Start Offset:0|Dimensions:64x64|Palettes:1|Bpp:8
21:21 jpsxdec.indexing.DiscIndexer INFO: Adding disc item Sectors:184810-184812|Type:Tim|Start Offset:0|Dimensions:64x64|Palettes:1|Bpp:8
21:21 jpsxdec.indexing.DiscIndexer INFO: Adding disc item Sectors:184813-184815|Type:Tim|Start Offset:0|Dimensions:64x64|Palettes:1|Bpp:8
21:21 jpsxdec.indexing.DiscIndexer INFO: Adding disc item Sectors:184816-184818|Type:Tim|Start Offset:0|Dimensions:64x64|Palettes:1|Bpp:8
21:21 jpsxdec.indexing.DiscIndexer INFO: Adding disc item Sectors:184819-184821|Type:Tim|Start Offset:0|Dimensions:64x64|Palettes:1|Bpp:8
21:21 jpsxdec.indexing.DiscIndexer INFO: Adding disc item Sectors:184822-184824|Type:Tim|Start Offset:0|Dimensions:64x64|Palettes:1|Bpp:8
21:21 jpsxdec.indexing.DiscIndexer INFO: Adding disc item Sectors:184825-184827|Type:Tim|Start Offset:0|Dimensions:64x64|Palettes:1|Bpp:8
21:21 jpsxdec.indexing.DiscIndexer INFO: Adding disc item Sectors:184828-184830|Type:Tim|Start Offset:0|Dimensions:64x64|Palettes:1|Bpp:8
21:21 jpsxdec.indexing.DiscIndexer INFO: Adding disc item Sectors:184831-184833|Type:Tim|Start Offset:0|Dimensions:64x64|Palettes:1|Bpp:8
21:21 jpsxdec.indexing.DiscIndexer INFO: Adding disc item Sectors:184834-184836|Type:Tim|Start Offset:0|Dimensions:64x64|Palettes:1|Bpp:8
21:21 jpsxdec.indexing.DiscIndexer INFO: Adding disc item Sectors:184837-184839|Type:Tim|Start Offset:0|Dimensions:64x64|Palettes:1|Bpp:8
21:21 jpsxdec.indexing.DiscIndexer INFO: Adding disc item Sectors:184840-184842|Type:Tim|Start Offset:0|Dimensions:64x64|Palettes:1|Bpp:8
21:21 jpsxdec.indexing.DiscIndexer INFO: Adding disc item Sectors:184843-184845|Type:Tim|Start Offset:0|Dimensions:64x64|Palettes:1|Bpp:8
21:21 jpsxdec.indexing.DiscIndexer INFO: Adding disc item Sectors:184846-184848|Type:Tim|Start Offset:0|Dimensions:64x64|Palettes:1|Bpp:8
21:21 jpsxdec.indexing.DiscIndexer INFO: Adding disc item Sectors:184849-184851|Type:Tim|Start Offset:0|Dimensions:64x64|Palettes:1|Bpp:8
21:21 jpsxdec.indexing.DiscIndexer INFO: Adding disc item Sectors:184852-184854|Type:Tim|Start Offset:0|Dimensions:64x64|Palettes:1|Bpp:8
21:21 jpsxdec.indexing.DiscIndexer INFO: Adding disc item Sectors:184855-184857|Type:Tim|Start Offset:0|Dimensions:64x64|Palettes:1|Bpp:8
21:21 jpsxdec.indexing.DiscIndexer INFO: Adding disc item Sectors:184858-184860|Type:Tim|Start Offset:0|Dimensions:64x64|Palettes:1|Bpp:8
21:21 jpsxdec.indexing.DiscIndexer INFO: Adding disc item Sectors:184861-184863|Type:Tim|Start Offset:0|Dimensions:64x64|Palettes:1|Bpp:8
21:21 jpsxdec.indexing.DiscIndexer INFO: Adding disc item Sectors:184864-184866|Type:Tim|Start Offset:0|Dimensions:64x64|Palettes:1|Bpp:8
21:21 jpsxdec.indexing.DiscIndexer INFO: Adding disc item Sectors:184867-184869|Type:Tim|Start Offset:0|Dimensions:64x64|Palettes:1|Bpp:8
21:21 jpsxdec.indexing.DiscIndexer INFO: Adding disc item Sectors:184870-184872|Type:Tim|Start Offset:0|Dimensions:64x64|Palettes:1|Bpp:8
21:21 jpsxdec.indexing.DiscIndexer INFO: Adding disc item Sectors:184873-184875|Type:Tim|Start Offset:0|Dimensions:64x64|Palettes:1|Bpp:8
21:21 jpsxdec.indexing.DiscIndexer INFO: Adding disc item Sectors:184876-184878|Type:Tim|Start Offset:0|Dimensions:64x64|Palettes:1|Bpp:8
21:21 jpsxdec.indexing.DiscIndexer INFO: Adding disc item Sectors:184879-184881|Type:Tim|Start Offset:0|Dimensions:64x64|Palettes:1|Bpp:8
21:21 jpsxdec.indexing.DiscIndexer INFO: Adding disc item Sectors:184882-184884|Type:Tim|Start Offset:0|Dimensions:64x64|Palettes:1|Bpp:8
21:21 jpsxdec.indexing.DiscIndexer INFO: Adding disc item Sectors:184885-184887|Type:Tim|Start Offset:0|Dimensions:64x64|Palettes:1|Bpp:8
21:21 jpsxdec.indexing.DiscIndexer INFO: Adding disc item Sectors:184888-184890|Type:Tim|Start Offset:0|Dimensions:64x64|Palettes:1|Bpp:8
21:21 jpsxdec.indexing.DiscIndexer INFO: Adding disc item Sectors:184891-184893|Type:Tim|Start Offset:40|Dimensions:64x64|Palettes:1|Bpp:8
21:21 jpsxdec.indexing.DiscIndexer INFO: Adding disc item Sectors:184893-184893|Type:Tim|Start Offset:584|Dimensions:128x16|Palettes:1|Bpp:4
21:21 jpsxdec.indexing.DiscIndexer INFO: Adding disc item Sectors:184893-184894|Type:Tim|Start Offset:1672|Dimensions:16x64|Palettes:1|Bpp:4
21:21 jpsxdec.indexing.DiscIndexer INFO: Adding disc item Sectors:184894-184894|Type:Tim|Start Offset:200|Dimensions:32x32|Palettes:1|Bpp:4
21:21 jpsxdec.indexing.DiscIndexer INFO: Adding disc item Sectors:184894-184895|Type:Tim|Start Offset:776|Dimensions:96x16|Palettes:16|Bpp:4
21:21 jpsxdec.indexing.DiscIndexer INFO: Adding disc item Sectors:184895-184907|Type:Tim|Start Offset:40|Dimensions:256x192|Palettes:1|Bpp:4
21:21 jpsxdec.indexing.DiscIndexer INFO: Adding disc item Sectors:184907-184907|Type:Tim|Start Offset:104|Dimensions:12x40|Palettes:1|Bpp:4
21:21 jpsxdec.indexing.DiscIndexer INFO: Adding disc item Sectors:184907-184907|Type:Tim|Start Offset:408|Dimensions:40x12|Palettes:1|Bpp:4
21:21 jpsxdec.indexing.DiscIndexer INFO: Adding disc item Sectors:184966-184974|Type:Tim|Start Offset:0|Dimensions:256x128|Palettes:1|Bpp:4
21:21 jpsxdec.indexing.DiscIndexer INFO: Adding disc item Sectors:184980-184996|Type:Tim|Start Offset:0|Dimensions:128x256|Palettes:1|Bpp:8
21:21 jpsxdec.indexing.DiscIndexer INFO: Adding disc item Sectors:221427-221497|Type:Tim|Start Offset:0|Dimensions:320x224|Palettes:1|Bpp:16
21:21 jpsxdec.indexing.DiscIndexer INFO: Adding disc item Sectors:221498-221568|Type:Tim|Start Offset:0|Dimensions:320x224|Palettes:1|Bpp:16
21:21 jpsxdec.indexing.DiscIndexer INFO: Adding disc item Sectors:221569-221639|Type:Tim|Start Offset:0|Dimensions:320x224|Palettes:1|Bpp:16
21:21 jpsxdec.indexing.DiscIndexer INFO: Adding disc item Sectors:221640-221677|Type:Tim|Start Offset:0|Dimensions:320x240|Palettes:1|Bpp:8
21:21 jpsxdec.indexing.DiscIndexer INFO: Adding disc item Sectors:221678-221715|Type:Tim|Start Offset:0|Dimensions:320x240|Palettes:1|Bpp:8
21:21 jpsxdec.indexing.DiscIndexer INFO: Adding disc item Sectors:221716-221753|Type:Tim|Start Offset:0|Dimensions:320x240|Palettes:1|Bpp:8
21:21 jpsxdec.indexing.DiscIndexer INFO: Adding disc item Sectors:221754-221791|Type:Tim|Start Offset:0|Dimensions:320x240|Palettes:1|Bpp:8
21:21 jpsxdec.indexing.DiscIndexer INFO: Adding disc item Sectors:221792-221829|Type:Tim|Start Offset:0|Dimensions:320x240|Palettes:1|Bpp:8
21:21 jpsxdec.indexing.DiscIndexer INFO: Adding disc item Sectors:221830-221867|Type:Tim|Start Offset:0|Dimensions:320x240|Palettes:1|Bpp:8
21:21 jpsxdec.indexing.DiscIndexer INFO: Adding disc item Sectors:221868-221905|Type:Tim|Start Offset:0|Dimensions:320x240|Palettes:1|Bpp:8
21:21 jpsxdec.indexing.DiscIndexer INFO: Adding disc item Sectors:221906-221943|Type:Tim|Start Offset:0|Dimensions:320x240|Palettes:1|Bpp:8
21:21 jpsxdec.indexing.DiscIndexer INFO: Adding disc item Sectors:221944-221981|Type:Tim|Start Offset:0|Dimensions:320x240|Palettes:1|Bpp:8
21:21 jpsxdec.indexing.DiscIndexer INFO: Adding disc item Sectors:221982-222006|Type:Tim|Start Offset:0|Dimensions:256x192|Palettes:1|Bpp:8
21:21 jpsxdec.indexing.DiscIndexer INFO: Adding disc item Sectors:222007-222031|Type:Tim|Start Offset:0|Dimensions:256x192|Palettes:1|Bpp:8
21:21 jpsxdec.indexing.DiscIndexer INFO: Adding disc item Sectors:222032-222056|Type:Tim|Start Offset:0|Dimensions:256x192|Palettes:1|Bpp:8
21:21 jpsxdec.indexing.DiscIndexer INFO: Adding disc item Sectors:222057-222081|Type:Tim|Start Offset:0|Dimensions:256x192|Palettes:1|Bpp:8
21:21 jpsxdec.indexing.DiscIndexer INFO: Adding disc item Sectors:222082-222106|Type:Tim|Start Offset:0|Dimensions:256x192|Palettes:1|Bpp:8
21:21 jpsxdec.indexing.DiscIndexer INFO: Adding disc item Sectors:222107-222177|Type:Tim|Start Offset:0|Dimensions:320x224|Palettes:1|Bpp:16
21:21 jpsxdec.indexing.DiscIndexer INFO: Adding disc item Sectors:222178-222248|Type:Tim|Start Offset:0|Dimensions:320x224|Palettes:1|Bpp:16
21:21 jpsxdec.indexing.DiscIndexer INFO: Adding disc item Sectors:222249-222319|Type:Tim|Start Offset:0|Dimensions:320x224|Palettes:1|Bpp:16
21:21 jpsxdec.indexing.DiscIndexer INFO: Adding disc item Sectors:222320-222390|Type:Tim|Start Offset:0|Dimensions:320x224|Palettes:1|Bpp:16
21:21 jpsxdec.indexing.DiscIndexer INFO: Adding disc item Sectors:222391-222461|Type:Tim|Start Offset:0|Dimensions:320x224|Palettes:1|Bpp:16
21:21 jpsxdec.indexing.DiscIndexer INFO: Adding disc item Sectors:222462-222532|Type:Tim|Start Offset:0|Dimensions:320x224|Palettes:1|Bpp:16
21:21 jpsxdec.indexing.DiscIndexer INFO: Adding disc item Sectors:222533-222570|Type:Tim|Start Offset:0|Dimensions:320x240|Palettes:1|Bpp:8
21:21 jpsxdec.indexing.DiscIndexer INFO: Adding disc item Sectors:222571-222641|Type:Tim|Start Offset:0|Dimensions:320x224|Palettes:1|Bpp:16
21:21 jpsxdec.indexing.DiscIndexer INFO: Adding disc item Sectors:222642-222712|Type:Tim|Start Offset:0|Dimensions:320x224|Palettes:1|Bpp:16
21:21 jpsxdec.indexing.DiscIndexer INFO: Adding disc item Sectors:222713-222783|Type:Tim|Start Offset:0|Dimensions:320x224|Palettes:1|Bpp:16
21:21 jpsxdec.indexing.DiscIndexer INFO: Adding disc item Sectors:222784-222854|Type:Tim|Start Offset:0|Dimensions:320x224|Palettes:1|Bpp:16
21:21 jpsxdec.indexing.DiscIndexer INFO: Adding disc item Sectors:222855-222925|Type:Tim|Start Offset:0|Dimensions:320x224|Palettes:1|Bpp:16
21:21 jpsxdec.indexing.DiscIndexer INFO: Adding disc item Sectors:222926-222963|Type:Tim|Start Offset:0|Dimensions:320x240|Palettes:1|Bpp:8
21:21 jpsxdec.indexing.DiscIndexer INFO: Adding disc item Sectors:222964-223034|Type:Tim|Start Offset:0|Dimensions:320x224|Palettes:1|Bpp:16
21:21 jpsxdec.indexing.DiscIndexer INFO: Adding disc item Sectors:223035-223105|Type:Tim|Start Offset:0|Dimensions:320x224|Palettes:1|Bpp:16
21:21 jpsxdec.indexing.DiscIndexer INFO: Adding disc item Sectors:223106-223176|Type:Tim|Start Offset:0|Dimensions:320x224|Palettes:1|Bpp:16
21:21 jpsxdec.indexing.DiscIndexer INFO: Adding disc item Sectors:223177-223247|Type:Tim|Start Offset:0|Dimensions:320x224|Palettes:1|Bpp:16
21:21 jpsxdec.indexing.DiscIndexer INFO: Adding disc item Sectors:223248-223318|Type:Tim|Start Offset:0|Dimensions:320x224|Palettes:1|Bpp:16
21:21 jpsxdec.indexing.DiscIndexer INFO: Adding disc item Sectors:223319-223389|Type:Tim|Start Offset:0|Dimensions:320x224|Palettes:1|Bpp:16
21:21 jpsxdec.indexing.DiscIndexer INFO: Adding disc item Sectors:223390-223460|Type:Tim|Start Offset:0|Dimensions:320x224|Palettes:1|Bpp:16
21:21 jpsxdec.indexing.DiscIndexer INFO: Adding disc item Sectors:223461-223531|Type:Tim|Start Offset:0|Dimensions:320x224|Palettes:1|Bpp:16
21:21 jpsxdec.indexing.DiscIndexer INFO: Adding disc item Sectors:223532-223602|Type:Tim|Start Offset:0|Dimensions:320x224|Palettes:1|Bpp:16
21:21 jpsxdec.indexing.DiscIndexer INFO: Adding disc item Sectors:223603-223673|Type:Tim|Start Offset:0|Dimensions:320x224|Palettes:1|Bpp:16
21:21 jpsxdec.indexing.DiscIndexer INFO: Adding disc item Sectors:223674-223744|Type:Tim|Start Offset:0|Dimensions:320x224|Palettes:1|Bpp:16
21:21 jpsxdec.indexing.DiscIndexer INFO: Adding disc item Sectors:223745-223815|Type:Tim|Start Offset:0|Dimensions:320x224|Palettes:1|Bpp:16
21:21 jpsxdec.indexing.DiscIndexer INFO: Adding disc item Sectors:223816-223886|Type:Tim|Start Offset:0|Dimensions:320x224|Palettes:1|Bpp:16
21:21 jpsxdec.indexing.DiscIndexer INFO: Adding disc item Sectors:223887-223957|Type:Tim|Start Offset:0|Dimensions:320x224|Palettes:1|Bpp:16
21:21 jpsxdec.indexing.DiscIndexer INFO: Adding disc item Sectors:223958-224028|Type:Tim|Start Offset:0|Dimensions:320x224|Palettes:1|Bpp:16
21:21 jpsxdec.indexing.DiscIndexer INFO: Adding disc item Sectors:224029-224099|Type:Tim|Start Offset:0|Dimensions:320x224|Palettes:1|Bpp:16
21:21 jpsxdec.indexing.DiscIndexer INFO: Adding disc item Sectors:224100-224170|Type:Tim|Start Offset:0|Dimensions:320x224|Palettes:1|Bpp:16
21:21 jpsxdec.indexing.DiscIndexer INFO: Adding disc item Sectors:224171-224208|Type:Tim|Start Offset:0|Dimensions:320x240|Palettes:1|Bpp:8
21:21 jpsxdec.indexing.DiscIndexer INFO: Adding disc item Sectors:224209-224279|Type:Tim|Start Offset:0|Dimensions:320x224|Palettes:1|Bpp:16
21:21 jpsxdec.indexing.DiscIndexer INFO: Adding disc item Sectors:224280-224350|Type:Tim|Start Offset:0|Dimensions:320x224|Palettes:1|Bpp:16
21:21 jpsxdec.indexing.DiscIndexer INFO: Adding disc item Sectors:224351-224421|Type:Tim|Start Offset:0|Dimensions:320x224|Palettes:1|Bpp:16
21:21 jpsxdec.indexing.DiscIndexer INFO: Adding disc item Sectors:224422-224492|Type:Tim|Start Offset:0|Dimensions:320x224|Palettes:1|Bpp:16
21:21 jpsxdec.indexing.DiscIndexer INFO: Adding disc item Sectors:224493-224563|Type:Tim|Start Offset:0|Dimensions:320x224|Palettes:1|Bpp:16
21:21 jpsxdec.indexing.DiscIndexer INFO: Adding disc item Sectors:224564-224634|Type:Tim|Start Offset:0|Dimensions:320x224|Palettes:1|Bpp:16
21:21 jpsxdec.indexing.DiscIndexer INFO: Adding disc item Sectors:224635-224705|Type:Tim|Start Offset:0|Dimensions:320x224|Palettes:1|Bpp:16
21:21 jpsxdec.indexing.DiscIndexer INFO: Adding disc item Sectors:224706-224776|Type:Tim|Start Offset:0|Dimensions:320x224|Palettes:1|Bpp:16
21:21 jpsxdec.indexing.DiscIndexer INFO: Adding disc item Sectors:224777-224847|Type:Tim|Start Offset:0|Dimensions:320x224|Palettes:1|Bpp:16
21:21 jpsxdec.indexing.DiscIndexer INFO: Adding disc item Sectors:224848-224918|Type:Tim|Start Offset:0|Dimensions:320x224|Palettes:1|Bpp:16
21:21 jpsxdec.indexing.DiscIndexer INFO: Adding disc item Sectors:224919-224989|Type:Tim|Start Offset:0|Dimensions:320x224|Palettes:1|Bpp:16
21:21 jpsxdec.indexing.DiscIndexer INFO: Adding disc item Sectors:224990-225060|Type:Tim|Start Offset:0|Dimensions:320x224|Palettes:1|Bpp:16
21:21 jpsxdec.indexing.DiscIndexer INFO: Adding disc item Sectors:225061-225131|Type:Tim|Start Offset:0|Dimensions:320x224|Palettes:1|Bpp:16
21:21 jpsxdec.indexing.DiscIndexer INFO: Adding disc item Sectors:225132-225156|Type:Tim|Start Offset:0|Dimensions:256x192|Palettes:1|Bpp:8
21:21 jpsxdec.indexing.DiscIndexer INFO: Adding disc item Sectors:225157-225181|Type:Tim|Start Offset:0|Dimensions:256x192|Palettes:1|Bpp:8
21:21 jpsxdec.indexing.DiscIndexer INFO: Adding disc item Sectors:225182-225206|Type:Tim|Start Offset:0|Dimensions:256x192|Palettes:1|Bpp:8
21:21 jpsxdec.indexing.DiscIndexer INFO: Adding disc item Sectors:225207-225247|Type:Tim|Start Offset:0|Dimensions:320x256|Palettes:1|Bpp:8
21:21 jpsxdec.indexing.DiscIndexer INFO: Adding disc item Sectors:225248-225288|Type:Tim|Start Offset:0|Dimensions:320x256|Palettes:1|Bpp:8
21:21 jpsxdec.indexing.DiscIndexer INFO: Adding disc item Sectors:225289-225329|Type:Tim|Start Offset:0|Dimensions:320x256|Palettes:1|Bpp:8
21:21 jpsxdec.indexing.DiscIndexer INFO: Adding disc item Sectors:225330-225400|Type:Tim|Start Offset:0|Dimensions:320x224|Palettes:1|Bpp:16
21:21 jpsxdec.indexing.DiscIndexer INFO: Adding disc item Sectors:225401-225471|Type:Tim|Start Offset:0|Dimensions:320x224|Palettes:1|Bpp:16
21:21 jpsxdec.indexing.DiscIndexer INFO: Adding disc item Sectors:225472-225542|Type:Tim|Start Offset:0|Dimensions:320x224|Palettes:1|Bpp:16
21:21 jpsxdec.indexing.DiscIndexer INFO: Adding disc item Sectors:225543-225613|Type:Tim|Start Offset:0|Dimensions:320x224|Palettes:1|Bpp:16
21:21 jpsxdec.indexing.DiscIndexer INFO: Adding disc item Sectors:225614-225684|Type:Tim|Start Offset:0|Dimensions:320x224|Palettes:1|Bpp:16
21:21 jpsxdec.indexing.DiscIndexer INFO: Adding disc item Sectors:225685-225755|Type:Tim|Start Offset:0|Dimensions:320x224|Palettes:1|Bpp:16
21:21 jpsxdec.indexing.DiscIndexer INFO: Adding disc item Sectors:225756-225826|Type:Tim|Start Offset:0|Dimensions:320x224|Palettes:1|Bpp:16
21:21 jpsxdec.indexing.DiscIndexer INFO: Adding disc item Sectors:225827-225897|Type:Tim|Start Offset:0|Dimensions:320x224|Palettes:1|Bpp:16
21:21 jpsxdec.indexing.DiscIndexer INFO: Adding disc item Sectors:225898-225922|Type:Tim|Start Offset:0|Dimensions:256x192|Palettes:1|Bpp:8
21:21 jpsxdec.indexing.DiscIndexer INFO: Adding disc item Sectors:225923-225947|Type:Tim|Start Offset:0|Dimensions:256x192|Palettes:1|Bpp:8
21:21 jpsxdec.indexing.DiscIndexer INFO: Adding disc item Sectors:225948-225972|Type:Tim|Start Offset:0|Dimensions:256x192|Palettes:1|Bpp:8
21:21 jpsxdec.indexing.DiscIndexer INFO: Adding disc item Sectors:225973-225997|Type:Tim|Start Offset:0|Dimensions:256x192|Palettes:1|Bpp:8
21:21 jpsxdec.indexing.DiscIndexer INFO: Adding disc item Sectors:225998-226022|Type:Tim|Start Offset:0|Dimensions:256x192|Palettes:1|Bpp:8
21:21 jpsxdec.indexing.DiscIndexer INFO: Adding disc item Sectors:226023-226047|Type:Tim|Start Offset:0|Dimensions:256x192|Palettes:1|Bpp:8
21:21 jpsxdec.indexing.DiscIndexer INFO: Adding disc item Sectors:226048-226067|Type:Tim|Start Offset:0|Dimensions:256x156|Palettes:1|Bpp:8
21:21 jpsxdec.indexing.DiscIndexer INFO: Adding disc item Sectors:226068-226138|Type:Tim|Start Offset:0|Dimensions:320x224|Palettes:1|Bpp:16
21:21 jpsxdec.indexing.DiscIndexer INFO: Adding disc item Sectors:226139-226209|Type:Tim|Start Offset:0|Dimensions:320x224|Palettes:1|Bpp:16
21:21 jpsxdec.indexing.DiscIndexer INFO: Adding disc item Sectors:226210-226280|Type:Tim|Start Offset:0|Dimensions:320x224|Palettes:1|Bpp:16
21:21 jpsxdec.indexing.DiscIndexer INFO: Adding disc item Sectors:226281-226351|Type:Tim|Start Offset:0|Dimensions:320x224|Palettes:1|Bpp:16
21:21 jpsxdec.indexing.DiscIndexer INFO: Adding disc item Sectors:226352-226422|Type:Tim|Start Offset:0|Dimensions:640x224|Palettes:1|Bpp:8
21:21 jpsxdec.indexing.DiscIndexer INFO: Adding disc item Sectors:226423-226493|Type:Tim|Start Offset:0|Dimensions:640x224|Palettes:1|Bpp:8
21:21 jpsxdec.indexing.DiscIndexer INFO: Adding disc item ID:SLUS_006.69|Sectors:172918-173065|Type:File|Size:303104|Path:SLUS_006.69|Has mode 2 form 2:No|Has CD audio:No
21:21 jpsxdec.indexing.DiscIndexer INFO: Adding disc item ID:SYSTEM.CNF|Sectors:172917-172917|Type:File|Size:67|Path:SYSTEM.CNF|Has mode 2 form 2:No|Has CD audio:No
21:21 jpsxdec.modules.video.sectorbased.fps.StrFrameRateCalc INFO: Matching fps sequence: "10.0 sectors/frame" 10 length 6500 matches@0 1:1=true
21:21 jpsxdec.modules.video.sectorbased.fps.StrFrameRateCalc INFO: Possible frame rates: [2, 5, 10] Chose 10
21:21 jpsxdec.modules.video.sectorbased.fps.StrFrameRateCalc INFO: Sectors 166297-172796 (6500) frames 650 average 10 CASE1001011 old 10 new 10 @000000 vfr false 10.0 sectors/frame
21:21 jpsxdec.indexing.DiscIndexer INFO: Adding disc item Sectors:166297-172796|Type:Video|Dimensions:320x224|Frame Count:650|Sector Frames:166297-172787|Sectors/Frame:10/1|1st frame end sector:9|Header Frames:1-650
21:21 index INFO: Time: 12.9 sec
21:21 jpsxdec.indexing.SectorTypeCounter INFO: ISO9660 Directory Records 1
21:21 jpsxdec.indexing.SectorTypeCounter INFO: ISO9660 Volume Primary Descriptor 1
21:21 jpsxdec.indexing.SectorTypeCounter INFO: STR Str 150486
21:21 jpsxdec.indexing.SectorTypeCounter INFO: Unknown 120719
21:21 jpsxdec.indexing.SectorTypeCounter INFO: XA Audio 21604
21:21 jpsxdec.indexing.SectorTypeCounter INFO: XA Empty 4
21:21 jpsxdec.modules.video.save.VDP INFO: Bitstream format: BitStreamUncompressor_STRv2
23:36 jpsxdec.modules.video.save.VDP INFO: Bitstream format: BitStreamUncompressor_STRv2
23:46 jpsxdec.cdreaders.CdOpener INFO: C:\Users\JO\Desktop\XENO_ARC\Xenogears\XenogearsUSACD2.bin
23:46 jpsxdec.cdreaders.SectorFactory INFO: Attempting to identify as 2448
23:46 jpsxdec.cdreaders.SectorFactory INFO: Attempting to identify as 2352
23:46 jpsxdec.cdreaders.SectorFactory INFO: Disc type identified as 2352
23:46 index INFO: Indexing Filename:C:\Users\JO\Desktop\XENO_ARC\Xenogears\XenogearsUSACD2.bin|Sector size:2352|Sector count:292815|First sector offset:0
23:46 jpsxdec.indexing.DiscIndexer INFO: Adding disc item Sectors:48-67432|Type:XA|File:1|Channel:1|Stereo?:Yes|Samples/Sec:37800|Bits/Sample:4|Sector stride:8|Disc speed:2x
23:46 jpsxdec.modules.video.sectorbased.fps.StrFrameRateCalc INFO: Matching fps sequence: "10.0 sectors/frame" 10 length 67250 matches@0 1:1=true
23:46 jpsxdec.modules.video.sectorbased.fps.StrFrameRateCalc INFO: Possible frame rates: [2, 5, 10] Chose 10
23:46 jpsxdec.modules.video.sectorbased.fps.StrFrameRateCalc INFO: Sectors 41-67290 (67250) frames 6725 average 10 CASE1001011 old 10 new 10 @000000 vfr false 10.0 sectors/frame
23:46 jpsxdec.indexing.DiscIndexer INFO: Adding disc item Sectors:41-67290|Type:Video|Dimensions:320x224|Frame Count:6725|Sector Frames:41-67281|Sectors/Frame:10/1|1st frame end sector:9|Header Frames:1-6725
23:46 jpsxdec.indexing.DiscIndexer INFO: Adding disc item Sectors:67440-72504|Type:XA|File:1|Channel:1|Stereo?:Yes|Samples/Sec:37800|Bits/Sample:4|Sector stride:8|Disc speed:2x
23:46 jpsxdec.modules.video.sectorbased.fps.StrFrameRateCalc INFO: Matching fps sequence: "10.0 sectors/frame" 10 length 5050 matches@0 1:1=true
23:46 jpsxdec.modules.video.sectorbased.fps.StrFrameRateCalc INFO: Possible frame rates: [2, 5, 10] Chose 10
23:46 jpsxdec.modules.video.sectorbased.fps.StrFrameRateCalc INFO: Sectors 67433-72482 (5050) frames 505 average 10 CASE1001011 old 10 new 10 @000000 vfr false 10.0 sectors/frame
23:46 jpsxdec.indexing.DiscIndexer INFO: Adding disc item Sectors:67433-72482|Type:Video|Dimensions:320x224|Frame Count:505|Sector Frames:67433-72473|Sectors/Frame:10/1|1st frame end sector:9|Header Frames:1-505
23:46 jpsxdec.indexing.DiscIndexer INFO: Adding disc item Sectors:72512-74096|Type:XA|File:1|Channel:1|Stereo?:Yes|Samples/Sec:37800|Bits/Sample:4|Sector stride:8|Disc speed:2x
23:46 jpsxdec.modules.video.sectorbased.fps.StrFrameRateCalc INFO: Matching fps sequence: "10.0 sectors/frame" 10 length 1530 matches@0 1:1=true
23:46 jpsxdec.modules.video.sectorbased.fps.StrFrameRateCalc INFO: Possible frame rates: [2, 5, 10] Chose 10
23:46 jpsxdec.modules.video.sectorbased.fps.StrFrameRateCalc INFO: Sectors 72505-74034 (1530) frames 153 average 10 CASE1001011 old 10 new 10 @000000 vfr false 10.0 sectors/frame
23:46 jpsxdec.indexing.DiscIndexer INFO: Adding disc item Sectors:72505-74034|Type:Video|Dimensions:320x224|Frame Count:153|Sector Frames:72505-74025|Sectors/Frame:10/1|1st frame end sector:9|Header Frames:1-153
23:46 jpsxdec.indexing.DiscIndexer INFO: Adding disc item Sectors:74104-79568|Type:XA|File:1|Channel:1|Stereo?:Yes|Samples/Sec:37800|Bits/Sample:4|Sector stride:8|Disc speed:2x
23:46 jpsxdec.modules.video.sectorbased.fps.StrFrameRateCalc INFO: Matching fps sequence: "10.0 sectors/frame" 10 length 5399 matches@0 1:1=true
23:46 jpsxdec.modules.video.sectorbased.fps.StrFrameRateCalc INFO: Possible frame rates: [2, 5, 10] Chose 10
23:46 jpsxdec.modules.video.sectorbased.fps.StrFrameRateCalc INFO: Sectors 74097-79495 (5399) frames 540 average 5399/540 (9.9981) CASE1001011 old 10 new 10 @000000 vfr false 10.0 sectors/frame
23:46 jpsxdec.indexing.DiscIndexer INFO: Adding disc item Sectors:74097-79495|Type:Video|Dimensions:320x224|Frame Count:540|Sector Frames:74097-79487|Sectors/Frame:10/1|1st frame end sector:9|Header Frames:1-540
23:46 jpsxdec.indexing.DiscIndexer INFO: Adding disc item Sectors:79576-117696|Type:XA|File:1|Channel:1|Stereo?:Yes|Samples/Sec:37800|Bits/Sample:4|Sector stride:8|Disc speed:2x
23:46 jpsxdec.modules.video.sectorbased.fps.StrFrameRateCalc INFO: Matching fps sequence: "10.0 sectors/frame" 10 length 37999 matches@0 1:1=true
23:46 jpsxdec.modules.video.sectorbased.fps.StrFrameRateCalc INFO: Possible frame rates: [2, 5, 10] Chose 10
23:46 jpsxdec.modules.video.sectorbased.fps.StrFrameRateCalc INFO: Sectors 79569-117567 (37999) frames 3800 average 37999/3800 (9.9997) CASE1001011 old 10 new 10 @000000 vfr false 10.0 sectors/frame
23:46 jpsxdec.indexing.DiscIndexer INFO: Adding disc item Sectors:79569-117567|Type:Video|Dimensions:320x224|Frame Count:3800|Sector Frames:79569-117559|Sectors/Frame:10/1|1st frame end sector:9|Header Frames:1-3800
23:46 jpsxdec.indexing.DiscIndexer INFO: Adding disc item Sectors:117704-120312|Type:XA|File:1|Channel:1|Stereo?:Yes|Samples/Sec:37800|Bits/Sample:4|Sector stride:8|Disc speed:2x
23:46 jpsxdec.modules.video.sectorbased.fps.StrFrameRateCalc INFO: Matching fps sequence: "10.0 sectors/frame" 10 length 2550 matches@0 1:1=true
23:46 jpsxdec.modules.video.sectorbased.fps.StrFrameRateCalc INFO: Possible frame rates: [2, 5, 10] Chose 10
23:46 jpsxdec.modules.video.sectorbased.fps.StrFrameRateCalc INFO: Sectors 117697-120246 (2550) frames 255 average 10 CASE1001011 old 10 new 10 @000000 vfr false 10.0 sectors/frame
23:46 jpsxdec.indexing.DiscIndexer INFO: Adding disc item Sectors:117697-120246|Type:Video|Dimensions:320x224|Frame Count:255|Sector Frames:117697-120237|Sectors/Frame:10/1|1st frame end sector:9|Header Frames:1-255
23:46 jpsxdec.indexing.DiscIndexer INFO: Adding disc item Sectors:120320-146856|Type:XA|File:1|Channel:1|Stereo?:Yes|Samples/Sec:37800|Bits/Sample:4|Sector stride:8|Disc speed:2x
23:46 jpsxdec.modules.video.sectorbased.fps.StrFrameRateCalc INFO: Matching fps sequence: "10.0 sectors/frame" 10 length 26519 matches@0 1:1=true
23:46 jpsxdec.modules.video.sectorbased.fps.StrFrameRateCalc INFO: Possible frame rates: [2, 5, 10] Chose 10
23:46 jpsxdec.modules.video.sectorbased.fps.StrFrameRateCalc INFO: Sectors 120313-146831 (26519) frames 2652 average 26519/2652 (9.9996) CASE1001011 old 10 new 10 @000000 vfr false 10.0 sectors/frame
23:46 jpsxdec.indexing.DiscIndexer INFO: Adding disc item Sectors:120313-146831|Type:Video|Dimensions:320x224|Frame Count:2652|Sector Frames:120313-146823|Sectors/Frame:10/1|1st frame end sector:9|Header Frames:1-2652
23:46 jpsxdec.indexing.DiscIndexer INFO: Adding disc item Sectors:146864-149312|Type:XA|File:1|Channel:1|Stereo?:Yes|Samples/Sec:37800|Bits/Sample:4|Sector stride:8|Disc speed:2x
23:46 jpsxdec.modules.video.sectorbased.fps.StrFrameRateCalc INFO: Matching fps sequence: "10.0 sectors/frame" 10 length 2370 matches@0 1:1=true
23:46 jpsxdec.modules.video.sectorbased.fps.StrFrameRateCalc INFO: Possible frame rates: [2, 5, 10] Chose 10
23:46 jpsxdec.modules.video.sectorbased.fps.StrFrameRateCalc INFO: Sectors 146857-149226 (2370) frames 237 average 10 CASE1001011 old 10 new 10 @000000 vfr false 10.0 sectors/frame
23:46 jpsxdec.indexing.DiscIndexer INFO: Adding disc item Sectors:146857-149226|Type:Video|Dimensions:320x224|Frame Count:237|Sector Frames:146857-149217|Sectors/Frame:10/1|1st frame end sector:9|Header Frames:1-237
23:46 jpsxdec.indexing.DiscIndexer INFO: Adding disc item Sectors:149320-158376|Type:XA|File:1|Channel:1|Stereo?:Yes|Samples/Sec:37800|Bits/Sample:4|Sector stride:8|Disc speed:2x
23:46 jpsxdec.modules.video.sectorbased.fps.StrFrameRateCalc INFO: Matching fps sequence: "10.0 sectors/frame" 10 length 9010 matches@0 1:1=true
23:46 jpsxdec.modules.video.sectorbased.fps.StrFrameRateCalc INFO: Possible frame rates: [2, 5, 10] Chose 10
23:46 jpsxdec.modules.video.sectorbased.fps.StrFrameRateCalc INFO: Sectors 149313-158322 (9010) frames 901 average 10 CASE1001011 old 10 new 10 @000000 vfr false 10.0 sectors/frame
23:46 jpsxdec.indexing.DiscIndexer INFO: Adding disc item Sectors:149313-158322|Type:Video|Dimensions:320x224|Frame Count:901|Sector Frames:149313-158313|Sectors/Frame:10/1|1st frame end sector:9|Header Frames:1-901
23:46 jpsxdec.indexing.DiscIndexer INFO: Adding disc item Sectors:158384-160744|Type:XA|File:1|Channel:1|Stereo?:Yes|Samples/Sec:37800|Bits/Sample:4|Sector stride:8|Disc speed:2x
23:46 jpsxdec.modules.video.sectorbased.fps.StrFrameRateCalc INFO: Matching fps sequence: "10.0 sectors/frame" 10 length 2300 matches@0 1:1=true
23:46 jpsxdec.modules.video.sectorbased.fps.StrFrameRateCalc INFO: Possible frame rates: [2, 5, 10] Chose 10
23:46 jpsxdec.modules.video.sectorbased.fps.StrFrameRateCalc INFO: Sectors 158377-160676 (2300) frames 230 average 10 CASE1001011 old 10 new 10 @000000 vfr false 10.0 sectors/frame
23:46 jpsxdec.indexing.DiscIndexer INFO: Adding disc item Sectors:158377-160676|Type:Video|Dimensions:320x224|Frame Count:230|Sector Frames:158377-160667|Sectors/Frame:10/1|1st frame end sector:9|Header Frames:1-230
23:46 jpsxdec.indexing.DiscIndexer INFO: Adding disc item Sectors:160752-166296|Type:XA|File:1|Channel:1|Stereo?:Yes|Samples/Sec:37800|Bits/Sample:4|Sector stride:8|Disc speed:2x
23:46 jpsxdec.modules.video.sectorbased.fps.StrFrameRateCalc INFO: Matching fps sequence: "10.0 sectors/frame" 10 length 5500 matches@0 1:1=true
23:46 jpsxdec.modules.video.sectorbased.fps.StrFrameRateCalc INFO: Possible frame rates: [2, 5, 10] Chose 10
23:46 jpsxdec.modules.video.sectorbased.fps.StrFrameRateCalc INFO: Sectors 160745-166244 (5500) frames 550 average 10 CASE1001011 old 10 new 10 @000000 vfr false 10.0 sectors/frame
23:46 jpsxdec.indexing.DiscIndexer INFO: Adding disc item Sectors:160745-166244|Type:Video|Dimensions:320x224|Frame Count:550|Sector Frames:160745-166235|Sectors/Frame:10/1|1st frame end sector:9|Header Frames:1-550
23:46 jpsxdec.indexing.DiscIndexer INFO: Adding disc item Sectors:166304-172872|Type:XA|File:1|Channel:1|Stereo?:Yes|Samples/Sec:37800|Bits/Sample:4|Sector stride:8|Disc speed:2x
23:47 jpsxdec.indexing.DiscIndexer INFO: Adding disc item Sectors:184618-184620|Type:Tim|Start Offset:0|Dimensions:64x64|Palettes:1|Bpp:8
23:47 jpsxdec.indexing.DiscIndexer INFO: Adding disc item Sectors:184621-184623|Type:Tim|Start Offset:0|Dimensions:64x64|Palettes:1|Bpp:8
23:47 jpsxdec.indexing.DiscIndexer INFO: Adding disc item Sectors:184624-184626|Type:Tim|Start Offset:0|Dimensions:64x64|Palettes:1|Bpp:8
23:47 jpsxdec.indexing.DiscIndexer INFO: Adding disc item Sectors:184627-184629|Type:Tim|Start Offset:0|Dimensions:64x64|Palettes:1|Bpp:8
23:47 jpsxdec.indexing.DiscIndexer INFO: Adding disc item Sectors:184630-184632|Type:Tim|Start Offset:0|Dimensions:64x64|Palettes:1|Bpp:8
23:47 jpsxdec.indexing.DiscIndexer INFO: Adding disc item Sectors:184633-184635|Type:Tim|Start Offset:0|Dimensions:64x64|Palettes:1|Bpp:8
23:47 jpsxdec.indexing.DiscIndexer INFO: Adding disc item Sectors:184636-184638|Type:Tim|Start Offset:0|Dimensions:64x64|Palettes:1|Bpp:8
23:47 jpsxdec.indexing.DiscIndexer INFO: Adding disc item Sectors:184639-184641|Type:Tim|Start Offset:0|Dimensions:64x64|Palettes:1|Bpp:8
23:47 jpsxdec.indexing.DiscIndexer INFO: Adding disc item Sectors:184642-184644|Type:Tim|Start Offset:0|Dimensions:64x64|Palettes:1|Bpp:8
23:47 jpsxdec.indexing.DiscIndexer INFO: Adding disc item Sectors:184645-184647|Type:Tim|Start Offset:0|Dimensions:64x64|Palettes:1|Bpp:8
23:47 jpsxdec.indexing.DiscIndexer INFO: Adding disc item Sectors:184648-184650|Type:Tim|Start Offset:0|Dimensions:64x64|Palettes:1|Bpp:8
23:47 jpsxdec.indexing.DiscIndexer INFO: Adding disc item Sectors:184651-184653|Type:Tim|Start Offset:0|Dimensions:64x64|Palettes:1|Bpp:8
23:47 jpsxdec.indexing.DiscIndexer INFO: Adding disc item Sectors:184654-184656|Type:Tim|Start Offset:0|Dimensions:64x64|Palettes:1|Bpp:8
23:47 jpsxdec.indexing.DiscIndexer INFO: Adding disc item Sectors:184657-184659|Type:Tim|Start Offset:0|Dimensions:64x64|Palettes:1|Bpp:8
23:47 jpsxdec.indexing.DiscIndexer INFO: Adding disc item Sectors:184660-184662|Type:Tim|Start Offset:0|Dimensions:64x64|Palettes:1|Bpp:8
23:47 jpsxdec.indexing.DiscIndexer INFO: Adding disc item Sectors:184663-184665|Type:Tim|Start Offset:0|Dimensions:64x64|Palettes:1|Bpp:8
23:47 jpsxdec.indexing.DiscIndexer INFO: Adding disc item Sectors:184666-184668|Type:Tim|Start Offset:0|Dimensions:64x64|Palettes:1|Bpp:8
23:47 jpsxdec.indexing.DiscIndexer INFO: Adding disc item Sectors:184669-184671|Type:Tim|Start Offset:0|Dimensions:64x64|Palettes:1|Bpp:8
23:47 jpsxdec.indexing.DiscIndexer INFO: Adding disc item Sectors:184672-184674|Type:Tim|Start Offset:0|Dimensions:64x64|Palettes:1|Bpp:8
23:47 jpsxdec.indexing.DiscIndexer INFO: Adding disc item Sectors:184675-184677|Type:Tim|Start Offset:0|Dimensions:64x64|Palettes:1|Bpp:8
23:47 jpsxdec.indexing.DiscIndexer INFO: Adding disc item Sectors:184678-184680|Type:Tim|Start Offset:0|Dimensions:64x64|Palettes:1|Bpp:8
23:47 jpsxdec.indexing.DiscIndexer INFO: Adding disc item Sectors:184681-184683|Type:Tim|Start Offset:0|Dimensions:64x64|Palettes:1|Bpp:8
23:47 jpsxdec.indexing.DiscIndexer INFO: Adding disc item Sectors:184684-184686|Type:Tim|Start Offset:0|Dimensions:64x64|Palettes:1|Bpp:8
23:47 jpsxdec.indexing.DiscIndexer INFO: Adding disc item Sectors:184687-184689|Type:Tim|Start Offset:0|Dimensions:64x64|Palettes:1|Bpp:8
23:47 jpsxdec.indexing.DiscIndexer INFO: Adding disc item Sectors:184690-184692|Type:Tim|Start Offset:0|Dimensions:64x64|Palettes:1|Bpp:8
23:47 jpsxdec.indexing.DiscIndexer INFO: Adding disc item Sectors:184693-184695|Type:Tim|Start Offset:0|Dimensions:64x64|Palettes:1|Bpp:8
23:47 jpsxdec.indexing.DiscIndexer INFO: Adding disc item Sectors:184696-184698|Type:Tim|Start Offset:0|Dimensions:64x64|Palettes:1|Bpp:8
23:47 jpsxdec.indexing.DiscIndexer INFO: Adding disc item Sectors:184699-184701|Type:Tim|Start Offset:0|Dimensions:64x64|Palettes:1|Bpp:8
23:47 jpsxdec.indexing.DiscIndexer INFO: Adding disc item Sectors:184702-184704|Type:Tim|Start Offset:0|Dimensions:64x64|Palettes:1|Bpp:8
23:47 jpsxdec.indexing.DiscIndexer INFO: Adding disc item Sectors:184705-184707|Type:Tim|Start Offset:0|Dimensions:64x64|Palettes:1|Bpp:8
23:47 jpsxdec.indexing.DiscIndexer INFO: Adding disc item Sectors:184708-184710|Type:Tim|Start Offset:0|Dimensions:64x64|Palettes:1|Bpp:8
23:47 jpsxdec.indexing.DiscIndexer INFO: Adding disc item Sectors:184711-184713|Type:Tim|Start Offset:0|Dimensions:64x64|Palettes:1|Bpp:8
23:47 jpsxdec.indexing.DiscIndexer INFO: Adding disc item Sectors:184714-184716|Type:Tim|Start Offset:0|Dimensions:64x64|Palettes:1|Bpp:8
23:47 jpsxdec.indexing.DiscIndexer INFO: Adding disc item Sectors:184717-184719|Type:Tim|Start Offset:0|Dimensions:64x64|Palettes:1|Bpp:8
23:47 jpsxdec.indexing.DiscIndexer INFO: Adding disc item Sectors:184720-184722|Type:Tim|Start Offset:0|Dimensions:64x64|Palettes:1|Bpp:8
23:47 jpsxdec.indexing.DiscIndexer INFO: Adding disc item Sectors:184723-184725|Type:Tim|Start Offset:0|Dimensions:64x64|Palettes:1|Bpp:8
23:47 jpsxdec.indexing.DiscIndexer INFO: Adding disc item Sectors:184726-184728|Type:Tim|Start Offset:0|Dimensions:64x64|Palettes:1|Bpp:8
23:47 jpsxdec.indexing.DiscIndexer INFO: Adding disc item Sectors:184729-184731|Type:Tim|Start Offset:0|Dimensions:64x64|Palettes:1|Bpp:8
23:47 jpsxdec.indexing.DiscIndexer INFO: Adding disc item Sectors:184732-184734|Type:Tim|Start Offset:0|Dimensions:64x64|Palettes:1|Bpp:8
23:47 jpsxdec.indexing.DiscIndexer INFO: Adding disc item Sectors:184735-184737|Type:Tim|Start Offset:0|Dimensions:64x64|Palettes:1|Bpp:8
23:47 jpsxdec.indexing.DiscIndexer INFO: Adding disc item Sectors:184738-184740|Type:Tim|Start Offset:0|Dimensions:64x64|Palettes:1|Bpp:8
23:47 jpsxdec.indexing.DiscIndexer INFO: Adding disc item Sectors:184741-184743|Type:Tim|Start Offset:0|Dimensions:64x64|Palettes:1|Bpp:8
23:47 jpsxdec.indexing.DiscIndexer INFO: Adding disc item Sectors:184744-184746|Type:Tim|Start Offset:0|Dimensions:64x64|Palettes:1|Bpp:8
23:47 jpsxdec.indexing.DiscIndexer INFO: Adding disc item Sectors:184747-184749|Type:Tim|Start Offset:0|Dimensions:64x64|Palettes:1|Bpp:8
23:47 jpsxdec.indexing.DiscIndexer INFO: Adding disc item Sectors:184750-184752|Type:Tim|Start Offset:0|Dimensions:64x64|Palettes:1|Bpp:8
23:47 jpsxdec.indexing.DiscIndexer INFO: Adding disc item Sectors:184753-184755|Type:Tim|Start Offset:0|Dimensions:64x64|Palettes:1|Bpp:8
23:47 jpsxdec.indexing.DiscIndexer INFO: Adding disc item Sectors:184756-184758|Type:Tim|Start Offset:0|Dimensions:64x64|Palettes:1|Bpp:8
23:47 jpsxdec.indexing.DiscIndexer INFO: Adding disc item Sectors:184759-184761|Type:Tim|Start Offset:0|Dimensions:64x64|Palettes:1|Bpp:8
23:47 jpsxdec.indexing.DiscIndexer INFO: Adding disc item Sectors:184762-184764|Type:Tim|Start Offset:0|Dimensions:64x64|Palettes:1|Bpp:8
23:47 jpsxdec.indexing.DiscIndexer INFO: Adding disc item Sectors:184765-184767|Type:Tim|Start Offset:0|Dimensions:64x64|Palettes:1|Bpp:8
23:47 jpsxdec.indexing.DiscIndexer INFO: Adding disc item Sectors:184768-184770|Type:Tim|Start Offset:0|Dimensions:64x64|Palettes:1|Bpp:8
23:47 jpsxdec.indexing.DiscIndexer INFO: Adding disc item Sectors:184771-184773|Type:Tim|Start Offset:0|Dimensions:64x64|Palettes:1|Bpp:8
23:47 jpsxdec.indexing.DiscIndexer INFO: Adding disc item Sectors:184774-184776|Type:Tim|Start Offset:0|Dimensions:64x64|Palettes:1|Bpp:8
23:47 jpsxdec.indexing.DiscIndexer INFO: Adding disc item Sectors:184777-184779|Type:Tim|Start Offset:0|Dimensions:64x64|Palettes:1|Bpp:8
23:47 jpsxdec.indexing.DiscIndexer INFO: Adding disc item Sectors:184780-184782|Type:Tim|Start Offset:0|Dimensions:64x64|Palettes:1|Bpp:8
23:47 jpsxdec.indexing.DiscIndexer INFO: Adding disc item Sectors:184783-184785|Type:Tim|Start Offset:0|Dimensions:64x64|Palettes:1|Bpp:8
23:47 jpsxdec.indexing.DiscIndexer INFO: Adding disc item Sectors:184786-184788|Type:Tim|Start Offset:0|Dimensions:64x64|Palettes:1|Bpp:8
23:47 jpsxdec.indexing.DiscIndexer INFO: Adding disc item Sectors:184789-184791|Type:Tim|Start Offset:0|Dimensions:64x64|Palettes:1|Bpp:8
23:47 jpsxdec.indexing.DiscIndexer INFO: Adding disc item Sectors:184792-184794|Type:Tim|Start Offset:0|Dimensions:64x64|Palettes:1|Bpp:8
23:47 jpsxdec.indexing.DiscIndexer INFO: Adding disc item Sectors:184795-184797|Type:Tim|Start Offset:0|Dimensions:64x64|Palettes:1|Bpp:8
23:47 jpsxdec.indexing.DiscIndexer INFO: Adding disc item Sectors:184798-184800|Type:Tim|Start Offset:0|Dimensions:64x64|Palettes:1|Bpp:8
23:47 jpsxdec.indexing.DiscIndexer INFO: Adding disc item Sectors:184801-184803|Type:Tim|Start Offset:0|Dimensions:64x64|Palettes:1|Bpp:8
23:47 jpsxdec.indexing.DiscIndexer INFO: Adding disc item Sectors:184804-184806|Type:Tim|Start Offset:0|Dimensions:64x64|Palettes:1|Bpp:8
23:47 jpsxdec.indexing.DiscIndexer INFO: Adding disc item Sectors:184807-184809|Type:Tim|Start Offset:0|Dimensions:64x64|Palettes:1|Bpp:8
23:47 jpsxdec.indexing.DiscIndexer INFO: Adding disc item Sectors:184810-184812|Type:Tim|Start Offset:0|Dimensions:64x64|Palettes:1|Bpp:8
23:47 jpsxdec.indexing.DiscIndexer INFO: Adding disc item Sectors:184813-184815|Type:Tim|Start Offset:0|Dimensions:64x64|Palettes:1|Bpp:8
23:47 jpsxdec.indexing.DiscIndexer INFO: Adding disc item Sectors:184816-184818|Type:Tim|Start Offset:0|Dimensions:64x64|Palettes:1|Bpp:8
23:47 jpsxdec.indexing.DiscIndexer INFO: Adding disc item Sectors:184819-184821|Type:Tim|Start Offset:0|Dimensions:64x64|Palettes:1|Bpp:8
23:47 jpsxdec.indexing.DiscIndexer INFO: Adding disc item Sectors:184822-184824|Type:Tim|Start Offset:0|Dimensions:64x64|Palettes:1|Bpp:8
23:47 jpsxdec.indexing.DiscIndexer INFO: Adding disc item Sectors:184825-184827|Type:Tim|Start Offset:0|Dimensions:64x64|Palettes:1|Bpp:8
23:47 jpsxdec.indexing.DiscIndexer INFO: Adding disc item Sectors:184828-184830|Type:Tim|Start Offset:0|Dimensions:64x64|Palettes:1|Bpp:8
23:47 jpsxdec.indexing.DiscIndexer INFO: Adding disc item Sectors:184831-184833|Type:Tim|Start Offset:0|Dimensions:64x64|Palettes:1|Bpp:8
23:47 jpsxdec.indexing.DiscIndexer INFO: Adding disc item Sectors:184834-184836|Type:Tim|Start Offset:0|Dimensions:64x64|Palettes:1|Bpp:8
23:47 jpsxdec.indexing.DiscIndexer INFO: Adding disc item Sectors:184837-184839|Type:Tim|Start Offset:0|Dimensions:64x64|Palettes:1|Bpp:8
23:47 jpsxdec.indexing.DiscIndexer INFO: Adding disc item Sectors:184840-184842|Type:Tim|Start Offset:0|Dimensions:64x64|Palettes:1|Bpp:8
23:47 jpsxdec.indexing.DiscIndexer INFO: Adding disc item Sectors:184843-184845|Type:Tim|Start Offset:0|Dimensions:64x64|Palettes:1|Bpp:8
23:47 jpsxdec.indexing.DiscIndexer INFO: Adding disc item Sectors:184846-184848|Type:Tim|Start Offset:0|Dimensions:64x64|Palettes:1|Bpp:8
23:47 jpsxdec.indexing.DiscIndexer INFO: Adding disc item Sectors:184849-184851|Type:Tim|Start Offset:0|Dimensions:64x64|Palettes:1|Bpp:8
23:47 jpsxdec.indexing.DiscIndexer INFO: Adding disc item Sectors:184852-184854|Type:Tim|Start Offset:0|Dimensions:64x64|Palettes:1|Bpp:8
23:47 jpsxdec.indexing.DiscIndexer INFO: Adding disc item Sectors:184855-184857|Type:Tim|Start Offset:0|Dimensions:64x64|Palettes:1|Bpp:8
23:47 jpsxdec.indexing.DiscIndexer INFO: Adding disc item Sectors:184858-184860|Type:Tim|Start Offset:0|Dimensions:64x64|Palettes:1|Bpp:8
23:47 jpsxdec.indexing.DiscIndexer INFO: Adding disc item Sectors:184861-184863|Type:Tim|Start Offset:0|Dimensions:64x64|Palettes:1|Bpp:8
23:47 jpsxdec.indexing.DiscIndexer INFO: Adding disc item Sectors:184864-184866|Type:Tim|Start Offset:0|Dimensions:64x64|Palettes:1|Bpp:8
23:47 jpsxdec.indexing.DiscIndexer INFO: Adding disc item Sectors:184867-184869|Type:Tim|Start Offset:0|Dimensions:64x64|Palettes:1|Bpp:8
23:47 jpsxdec.indexing.DiscIndexer INFO: Adding disc item Sectors:184870-184872|Type:Tim|Start Offset:0|Dimensions:64x64|Palettes:1|Bpp:8
23:47 jpsxdec.indexing.DiscIndexer INFO: Adding disc item Sectors:184873-184875|Type:Tim|Start Offset:0|Dimensions:64x64|Palettes:1|Bpp:8
23:47 jpsxdec.indexing.DiscIndexer INFO: Adding disc item Sectors:184876-184878|Type:Tim|Start Offset:0|Dimensions:64x64|Palettes:1|Bpp:8
23:47 jpsxdec.indexing.DiscIndexer INFO: Adding disc item Sectors:184879-184881|Type:Tim|Start Offset:0|Dimensions:64x64|Palettes:1|Bpp:8
23:47 jpsxdec.indexing.DiscIndexer INFO: Adding disc item Sectors:184882-184884|Type:Tim|Start Offset:0|Dimensions:64x64|Palettes:1|Bpp:8
23:47 jpsxdec.indexing.DiscIndexer INFO: Adding disc item Sectors:184885-184887|Type:Tim|Start Offset:0|Dimensions:64x64|Palettes:1|Bpp:8
23:47 jpsxdec.indexing.DiscIndexer INFO: Adding disc item Sectors:184888-184890|Type:Tim|Start Offset:0|Dimensions:64x64|Palettes:1|Bpp:8
23:47 jpsxdec.indexing.DiscIndexer INFO: Adding disc item Sectors:184891-184893|Type:Tim|Start Offset:40|Dimensions:64x64|Palettes:1|Bpp:8
23:47 jpsxdec.indexing.DiscIndexer INFO: Adding disc item Sectors:184893-184893|Type:Tim|Start Offset:584|Dimensions:128x16|Palettes:1|Bpp:4
23:47 jpsxdec.indexing.DiscIndexer INFO: Adding disc item Sectors:184893-184894|Type:Tim|Start Offset:1672|Dimensions:16x64|Palettes:1|Bpp:4
23:47 jpsxdec.indexing.DiscIndexer INFO: Adding disc item Sectors:184894-184894|Type:Tim|Start Offset:200|Dimensions:32x32|Palettes:1|Bpp:4
23:47 jpsxdec.indexing.DiscIndexer INFO: Adding disc item Sectors:184894-184895|Type:Tim|Start Offset:776|Dimensions:96x16|Palettes:16|Bpp:4
23:47 jpsxdec.indexing.DiscIndexer INFO: Adding disc item Sectors:184895-184907|Type:Tim|Start Offset:40|Dimensions:256x192|Palettes:1|Bpp:4
23:47 jpsxdec.indexing.DiscIndexer INFO: Adding disc item Sectors:184907-184907|Type:Tim|Start Offset:104|Dimensions:12x40|Palettes:1|Bpp:4
23:47 jpsxdec.indexing.DiscIndexer INFO: Adding disc item Sectors:184907-184907|Type:Tim|Start Offset:408|Dimensions:40x12|Palettes:1|Bpp:4
23:47 jpsxdec.indexing.DiscIndexer INFO: Adding disc item Sectors:184966-184974|Type:Tim|Start Offset:0|Dimensions:256x128|Palettes:1|Bpp:4
23:47 jpsxdec.indexing.DiscIndexer INFO: Adding disc item Sectors:184980-184996|Type:Tim|Start Offset:0|Dimensions:128x256|Palettes:1|Bpp:8
23:47 jpsxdec.indexing.DiscIndexer INFO: Adding disc item Sectors:221427-221497|Type:Tim|Start Offset:0|Dimensions:320x224|Palettes:1|Bpp:16
23:47 jpsxdec.indexing.DiscIndexer INFO: Adding disc item Sectors:221498-221568|Type:Tim|Start Offset:0|Dimensions:320x224|Palettes:1|Bpp:16
23:47 jpsxdec.indexing.DiscIndexer INFO: Adding disc item Sectors:221569-221639|Type:Tim|Start Offset:0|Dimensions:320x224|Palettes:1|Bpp:16
23:47 jpsxdec.indexing.DiscIndexer INFO: Adding disc item Sectors:221640-221677|Type:Tim|Start Offset:0|Dimensions:320x240|Palettes:1|Bpp:8
23:47 jpsxdec.indexing.DiscIndexer INFO: Adding disc item Sectors:221678-221715|Type:Tim|Start Offset:0|Dimensions:320x240|Palettes:1|Bpp:8
23:47 jpsxdec.indexing.DiscIndexer INFO: Adding disc item Sectors:221716-221753|Type:Tim|Start Offset:0|Dimensions:320x240|Palettes:1|Bpp:8
23:47 jpsxdec.indexing.DiscIndexer INFO: Adding disc item Sectors:221754-221791|Type:Tim|Start Offset:0|Dimensions:320x240|Palettes:1|Bpp:8
23:47 jpsxdec.indexing.DiscIndexer INFO: Adding disc item Sectors:221792-221829|Type:Tim|Start Offset:0|Dimensions:320x240|Palettes:1|Bpp:8
23:47 jpsxdec.indexing.DiscIndexer INFO: Adding disc item Sectors:221830-221867|Type:Tim|Start Offset:0|Dimensions:320x240|Palettes:1|Bpp:8
23:47 jpsxdec.indexing.DiscIndexer INFO: Adding disc item Sectors:221868-221905|Type:Tim|Start Offset:0|Dimensions:320x240|Palettes:1|Bpp:8
23:47 jpsxdec.indexing.DiscIndexer INFO: Adding disc item Sectors:221906-221943|Type:Tim|Start Offset:0|Dimensions:320x240|Palettes:1|Bpp:8
23:47 jpsxdec.indexing.DiscIndexer INFO: Adding disc item Sectors:221944-221981|Type:Tim|Start Offset:0|Dimensions:320x240|Palettes:1|Bpp:8
23:47 jpsxdec.indexing.DiscIndexer INFO: Adding disc item Sectors:221982-222006|Type:Tim|Start Offset:0|Dimensions:256x192|Palettes:1|Bpp:8
23:47 jpsxdec.indexing.DiscIndexer INFO: Adding disc item Sectors:222007-222031|Type:Tim|Start Offset:0|Dimensions:256x192|Palettes:1|Bpp:8
23:47 jpsxdec.indexing.DiscIndexer INFO: Adding disc item Sectors:222032-222056|Type:Tim|Start Offset:0|Dimensions:256x192|Palettes:1|Bpp:8
23:47 jpsxdec.indexing.DiscIndexer INFO: Adding disc item Sectors:222057-222081|Type:Tim|Start Offset:0|Dimensions:256x192|Palettes:1|Bpp:8
23:47 jpsxdec.indexing.DiscIndexer INFO: Adding disc item Sectors:222082-222106|Type:Tim|Start Offset:0|Dimensions:256x192|Palettes:1|Bpp:8
23:47 jpsxdec.indexing.DiscIndexer INFO: Adding disc item Sectors:222107-222177|Type:Tim|Start Offset:0|Dimensions:320x224|Palettes:1|Bpp:16
23:47 jpsxdec.indexing.DiscIndexer INFO: Adding disc item Sectors:222178-222248|Type:Tim|Start Offset:0|Dimensions:320x224|Palettes:1|Bpp:16
23:47 jpsxdec.indexing.DiscIndexer INFO: Adding disc item Sectors:222249-222319|Type:Tim|Start Offset:0|Dimensions:320x224|Palettes:1|Bpp:16
23:47 jpsxdec.indexing.DiscIndexer INFO: Adding disc item Sectors:222320-222390|Type:Tim|Start Offset:0|Dimensions:320x224|Palettes:1|Bpp:16
23:47 jpsxdec.indexing.DiscIndexer INFO: Adding disc item Sectors:222391-222461|Type:Tim|Start Offset:0|Dimensions:320x224|Palettes:1|Bpp:16
23:47 jpsxdec.indexing.DiscIndexer INFO: Adding disc item Sectors:222462-222532|Type:Tim|Start Offset:0|Dimensions:320x224|Palettes:1|Bpp:16
23:47 jpsxdec.indexing.DiscIndexer INFO: Adding disc item Sectors:222533-222570|Type:Tim|Start Offset:0|Dimensions:320x240|Palettes:1|Bpp:8
23:47 jpsxdec.indexing.DiscIndexer INFO: Adding disc item Sectors:222571-222641|Type:Tim|Start Offset:0|Dimensions:320x224|Palettes:1|Bpp:16
23:47 jpsxdec.indexing.DiscIndexer INFO: Adding disc item Sectors:222642-222712|Type:Tim|Start Offset:0|Dimensions:320x224|Palettes:1|Bpp:16
23:47 jpsxdec.indexing.DiscIndexer INFO: Adding disc item Sectors:222713-222783|Type:Tim|Start Offset:0|Dimensions:320x224|Palettes:1|Bpp:16
23:47 jpsxdec.indexing.DiscIndexer INFO: Adding disc item Sectors:222784-222854|Type:Tim|Start Offset:0|Dimensions:320x224|Palettes:1|Bpp:16
23:47 jpsxdec.indexing.DiscIndexer INFO: Adding disc item Sectors:222855-222925|Type:Tim|Start Offset:0|Dimensions:320x224|Palettes:1|Bpp:16
23:47 jpsxdec.indexing.DiscIndexer INFO: Adding disc item Sectors:222926-222963|Type:Tim|Start Offset:0|Dimensions:320x240|Palettes:1|Bpp:8
23:47 jpsxdec.indexing.DiscIndexer INFO: Adding disc item Sectors:222964-223034|Type:Tim|Start Offset:0|Dimensions:320x224|Palettes:1|Bpp:16
23:47 jpsxdec.indexing.DiscIndexer INFO: Adding disc item Sectors:223035-223105|Type:Tim|Start Offset:0|Dimensions:320x224|Palettes:1|Bpp:16
23:47 jpsxdec.indexing.DiscIndexer INFO: Adding disc item Sectors:223106-223176|Type:Tim|Start Offset:0|Dimensions:320x224|Palettes:1|Bpp:16
23:47 jpsxdec.indexing.DiscIndexer INFO: Adding disc item Sectors:223177-223247|Type:Tim|Start Offset:0|Dimensions:320x224|Palettes:1|Bpp:16
23:47 jpsxdec.indexing.DiscIndexer INFO: Adding disc item Sectors:223248-223318|Type:Tim|Start Offset:0|Dimensions:320x224|Palettes:1|Bpp:16
23:47 jpsxdec.indexing.DiscIndexer INFO: Adding disc item Sectors:223319-223389|Type:Tim|Start Offset:0|Dimensions:320x224|Palettes:1|Bpp:16
23:47 jpsxdec.indexing.DiscIndexer INFO: Adding disc item Sectors:223390-223460|Type:Tim|Start Offset:0|Dimensions:320x224|Palettes:1|Bpp:16
23:47 jpsxdec.indexing.DiscIndexer INFO: Adding disc item Sectors:223461-223531|Type:Tim|Start Offset:0|Dimensions:320x224|Palettes:1|Bpp:16
23:47 jpsxdec.indexing.DiscIndexer INFO: Adding disc item Sectors:223532-223602|Type:Tim|Start Offset:0|Dimensions:320x224|Palettes:1|Bpp:16
23:47 jpsxdec.indexing.DiscIndexer INFO: Adding disc item Sectors:223603-223673|Type:Tim|Start Offset:0|Dimensions:320x224|Palettes:1|Bpp:16
23:47 jpsxdec.indexing.DiscIndexer INFO: Adding disc item Sectors:223674-223744|Type:Tim|Start Offset:0|Dimensions:320x224|Palettes:1|Bpp:16
23:47 jpsxdec.indexing.DiscIndexer INFO: Adding disc item Sectors:223745-223815|Type:Tim|Start Offset:0|Dimensions:320x224|Palettes:1|Bpp:16
23:47 jpsxdec.indexing.DiscIndexer INFO: Adding disc item Sectors:223816-223886|Type:Tim|Start Offset:0|Dimensions:320x224|Palettes:1|Bpp:16
23:47 jpsxdec.indexing.DiscIndexer INFO: Adding disc item Sectors:223887-223957|Type:Tim|Start Offset:0|Dimensions:320x224|Palettes:1|Bpp:16
23:47 jpsxdec.indexing.DiscIndexer INFO: Adding disc item Sectors:223958-224028|Type:Tim|Start Offset:0|Dimensions:320x224|Palettes:1|Bpp:16
23:47 jpsxdec.indexing.DiscIndexer INFO: Adding disc item Sectors:224029-224099|Type:Tim|Start Offset:0|Dimensions:320x224|Palettes:1|Bpp:16
23:47 jpsxdec.indexing.DiscIndexer INFO: Adding disc item Sectors:224100-224170|Type:Tim|Start Offset:0|Dimensions:320x224|Palettes:1|Bpp:16
23:47 jpsxdec.indexing.DiscIndexer INFO: Adding disc item Sectors:224171-224208|Type:Tim|Start Offset:0|Dimensions:320x240|Palettes:1|Bpp:8
23:47 jpsxdec.indexing.DiscIndexer INFO: Adding disc item Sectors:224209-224279|Type:Tim|Start Offset:0|Dimensions:320x224|Palettes:1|Bpp:16
23:47 jpsxdec.indexing.DiscIndexer INFO: Adding disc item Sectors:224280-224350|Type:Tim|Start Offset:0|Dimensions:320x224|Palettes:1|Bpp:16
23:47 jpsxdec.indexing.DiscIndexer INFO: Adding disc item Sectors:224351-224421|Type:Tim|Start Offset:0|Dimensions:320x224|Palettes:1|Bpp:16
23:47 jpsxdec.indexing.DiscIndexer INFO: Adding disc item Sectors:224422-224492|Type:Tim|Start Offset:0|Dimensions:320x224|Palettes:1|Bpp:16
23:47 jpsxdec.indexing.DiscIndexer INFO: Adding disc item Sectors:224493-224563|Type:Tim|Start Offset:0|Dimensions:320x224|Palettes:1|Bpp:16
23:47 jpsxdec.indexing.DiscIndexer INFO: Adding disc item Sectors:224564-224634|Type:Tim|Start Offset:0|Dimensions:320x224|Palettes:1|Bpp:16
23:47 jpsxdec.indexing.DiscIndexer INFO: Adding disc item Sectors:224635-224705|Type:Tim|Start Offset:0|Dimensions:320x224|Palettes:1|Bpp:16
23:47 jpsxdec.indexing.DiscIndexer INFO: Adding disc item Sectors:224706-224776|Type:Tim|Start Offset:0|Dimensions:320x224|Palettes:1|Bpp:16
23:47 jpsxdec.indexing.DiscIndexer INFO: Adding disc item Sectors:224777-224847|Type:Tim|Start Offset:0|Dimensions:320x224|Palettes:1|Bpp:16
23:47 jpsxdec.indexing.DiscIndexer INFO: Adding disc item Sectors:224848-224918|Type:Tim|Start Offset:0|Dimensions:320x224|Palettes:1|Bpp:16
23:47 jpsxdec.indexing.DiscIndexer INFO: Adding disc item Sectors:224919-224989|Type:Tim|Start Offset:0|Dimensions:320x224|Palettes:1|Bpp:16
23:47 jpsxdec.indexing.DiscIndexer INFO: Adding disc item Sectors:224990-225060|Type:Tim|Start Offset:0|Dimensions:320x224|Palettes:1|Bpp:16
23:47 jpsxdec.indexing.DiscIndexer INFO: Adding disc item Sectors:225061-225131|Type:Tim|Start Offset:0|Dimensions:320x224|Palettes:1|Bpp:16
23:47 jpsxdec.indexing.DiscIndexer INFO: Adding disc item Sectors:225132-225156|Type:Tim|Start Offset:0|Dimensions:256x192|Palettes:1|Bpp:8
23:47 jpsxdec.indexing.DiscIndexer INFO: Adding disc item Sectors:225157-225181|Type:Tim|Start Offset:0|Dimensions:256x192|Palettes:1|Bpp:8
23:47 jpsxdec.indexing.DiscIndexer INFO: Adding disc item Sectors:225182-225206|Type:Tim|Start Offset:0|Dimensions:256x192|Palettes:1|Bpp:8
23:47 jpsxdec.indexing.DiscIndexer INFO: Adding disc item Sectors:225207-225247|Type:Tim|Start Offset:0|Dimensions:320x256|Palettes:1|Bpp:8
23:47 jpsxdec.indexing.DiscIndexer INFO: Adding disc item Sectors:225248-225288|Type:Tim|Start Offset:0|Dimensions:320x256|Palettes:1|Bpp:8
23:47 jpsxdec.indexing.DiscIndexer INFO: Adding disc item Sectors:225289-225329|Type:Tim|Start Offset:0|Dimensions:320x256|Palettes:1|Bpp:8
23:47 jpsxdec.indexing.DiscIndexer INFO: Adding disc item Sectors:225330-225400|Type:Tim|Start Offset:0|Dimensions:320x224|Palettes:1|Bpp:16
23:47 jpsxdec.indexing.DiscIndexer INFO: Adding disc item Sectors:225401-225471|Type:Tim|Start Offset:0|Dimensions:320x224|Palettes:1|Bpp:16
23:47 jpsxdec.indexing.DiscIndexer INFO: Adding disc item Sectors:225472-225542|Type:Tim|Start Offset:0|Dimensions:320x224|Palettes:1|Bpp:16
23:47 jpsxdec.indexing.DiscIndexer INFO: Adding disc item Sectors:225543-225613|Type:Tim|Start Offset:0|Dimensions:320x224|Palettes:1|Bpp:16
23:47 jpsxdec.indexing.DiscIndexer INFO: Adding disc item Sectors:225614-225684|Type:Tim|Start Offset:0|Dimensions:320x224|Palettes:1|Bpp:16
23:47 jpsxdec.indexing.DiscIndexer INFO: Adding disc item Sectors:225685-225755|Type:Tim|Start Offset:0|Dimensions:320x224|Palettes:1|Bpp:16
23:47 jpsxdec.indexing.DiscIndexer INFO: Adding disc item Sectors:225756-225826|Type:Tim|Start Offset:0|Dimensions:320x224|Palettes:1|Bpp:16
23:47 jpsxdec.indexing.DiscIndexer INFO: Adding disc item Sectors:225827-225897|Type:Tim|Start Offset:0|Dimensions:320x224|Palettes:1|Bpp:16
23:47 jpsxdec.indexing.DiscIndexer INFO: Adding disc item Sectors:225898-225922|Type:Tim|Start Offset:0|Dimensions:256x192|Palettes:1|Bpp:8
23:47 jpsxdec.indexing.DiscIndexer INFO: Adding disc item Sectors:225923-225947|Type:Tim|Start Offset:0|Dimensions:256x192|Palettes:1|Bpp:8
23:47 jpsxdec.indexing.DiscIndexer INFO: Adding disc item Sectors:225948-225972|Type:Tim|Start Offset:0|Dimensions:256x192|Palettes:1|Bpp:8
23:47 jpsxdec.indexing.DiscIndexer INFO: Adding disc item Sectors:225973-225997|Type:Tim|Start Offset:0|Dimensions:256x192|Palettes:1|Bpp:8
23:47 jpsxdec.indexing.DiscIndexer INFO: Adding disc item Sectors:225998-226022|Type:Tim|Start Offset:0|Dimensions:256x192|Palettes:1|Bpp:8
23:47 jpsxdec.indexing.DiscIndexer INFO: Adding disc item Sectors:226023-226047|Type:Tim|Start Offset:0|Dimensions:256x192|Palettes:1|Bpp:8
23:47 jpsxdec.indexing.DiscIndexer INFO: Adding disc item Sectors:226048-226067|Type:Tim|Start Offset:0|Dimensions:256x156|Palettes:1|Bpp:8
23:47 jpsxdec.indexing.DiscIndexer INFO: Adding disc item Sectors:226068-226138|Type:Tim|Start Offset:0|Dimensions:320x224|Palettes:1|Bpp:16
23:47 jpsxdec.indexing.DiscIndexer INFO: Adding disc item Sectors:226139-226209|Type:Tim|Start Offset:0|Dimensions:320x224|Palettes:1|Bpp:16
23:47 jpsxdec.indexing.DiscIndexer INFO: Adding disc item Sectors:226210-226280|Type:Tim|Start Offset:0|Dimensions:320x224|Palettes:1|Bpp:16
23:47 jpsxdec.indexing.DiscIndexer INFO: Adding disc item Sectors:226281-226351|Type:Tim|Start Offset:0|Dimensions:320x224|Palettes:1|Bpp:16
23:47 jpsxdec.indexing.DiscIndexer INFO: Adding disc item Sectors:226352-226422|Type:Tim|Start Offset:0|Dimensions:640x224|Palettes:1|Bpp:8
23:47 jpsxdec.indexing.DiscIndexer INFO: Adding disc item Sectors:226423-226493|Type:Tim|Start Offset:0|Dimensions:640x224|Palettes:1|Bpp:8
23:47 jpsxdec.indexing.DiscIndexer INFO: Adding disc item ID:SLUS_006.69|Sectors:172918-173065|Type:File|Size:303104|Path:SLUS_006.69|Has mode 2 form 2:No|Has CD audio:No
23:47 jpsxdec.indexing.DiscIndexer INFO: Adding disc item ID:SYSTEM.CNF|Sectors:172917-172917|Type:File|Size:67|Path:SYSTEM.CNF|Has mode 2 form 2:No|Has CD audio:No
23:47 jpsxdec.modules.video.sectorbased.fps.StrFrameRateCalc INFO: Matching fps sequence: "10.0 sectors/frame" 10 length 6500 matches@0 1:1=true
23:47 jpsxdec.modules.video.sectorbased.fps.StrFrameRateCalc INFO: Possible frame rates: [2, 5, 10] Chose 10
23:47 jpsxdec.modules.video.sectorbased.fps.StrFrameRateCalc INFO: Sectors 166297-172796 (6500) frames 650 average 10 CASE1001011 old 10 new 10 @000000 vfr false 10.0 sectors/frame
23:47 jpsxdec.indexing.DiscIndexer INFO: Adding disc item Sectors:166297-172796|Type:Video|Dimensions:320x224|Frame Count:650|Sector Frames:166297-172787|Sectors/Frame:10/1|1st frame end sector:9|Header Frames:1-650
23:47 index INFO: Time: 10.38 sec
23:47 jpsxdec.indexing.SectorTypeCounter INFO: ISO9660 Directory Records 1
23:47 jpsxdec.indexing.SectorTypeCounter INFO: ISO9660 Volume Primary Descriptor 1
23:47 jpsxdec.indexing.SectorTypeCounter INFO: STR Str 150486
23:47 jpsxdec.indexing.SectorTypeCounter INFO: Unknown 120719
23:47 jpsxdec.indexing.SectorTypeCounter INFO: XA Audio 21604
23:47 jpsxdec.indexing.SectorTypeCounter INFO: XA Empty 4
23:47 jpsxdec.modules.video.save.VDP INFO: Bitstream format: BitStreamUncompressor_STRv2
23:48 jpsxdec.modules.video.save.VDP INFO: Bitstream format: BitStreamUncompressor_STRv2
00:07 jpsxdec.modules.video.save.VDP INFO: Bitstream format: BitStreamUncompressor_STRv2
00:08 save INFO: Filename:C:\Users\JO\Desktop\XENO_ARC\Xenogears\XenogearsUSACD2.bin|Sector size:2352|Sector count:292815|First sector offset:0
00:08 save INFO: #:0|ID:?[0]|Sectors:41-67290|Type:Video|Dimensions:320x224|Frame Count:6725|Sector Frames:41-67281|Sectors/Frame:10/1|1st frame end sector:9|Disc Speed:2|Header Frames:1-6725
00:08 save INFO: Video format: AVI: Compressed (MJPG)
00:08 save INFO: Dimensions: 320x224
00:08 save INFO: With audio item(s):
00:08 jpsxdec.modules.video.sectorbased.SectorBasedVideoSaverBuilder INFO: Using 1 of 1 audio streams
00:08 save INFO: #:1|ID:?[0.0]|Sectors:48-67432|Type:XA|File:1|Channel:1|Stereo?:Yes|Samples/Sec:37800|Bits/Sample:4|Sector stride:8|Disc speed:2x
00:08 save INFO: Emulate PSX audio/video sync: No
00:08 save INFO: Saving as: XenogearsUSACD2.bin[0].avi
00:08 save INFO: Disc speed: 2x (15 fps)
00:08 jpsxdec.modules.video.save.VDP INFO: Bitstream format: BitStreamUncompressor_STRv2
02:42 jpsxdec.modules.video.save.VDP INFO: Bitstream format: BitStreamUncompressor_STRv2
02:48 jpsxdec.i18n.log.DebugLogger WARNING: Frame in sectors 1341-1343 is missing chunk 3
02:48 jpsxdec.i18n.log.DebugLogger WARNING: Frame in sectors 1341-1343 is missing chunk 4
02:48 jpsxdec.i18n.log.DebugLogger WARNING: Frame in sectors 1341-1343 is missing chunk 5
02:48 jpsxdec.i18n.log.DebugLogger WARNING: Frame in sectors 1341-1343 is missing chunk 6
02:48 jpsxdec.i18n.log.DebugLogger WARNING: Frame in sectors 1341-1343 is missing chunk 7
02:48 jpsxdec.i18n.log.DebugLogger WARNING: Frame in sectors 1341-1343 is missing chunk 8
02:58 jpsxdec.cdreaders.CdOpener INFO: C:\Users\JO\Desktop\XENO_ARC\Xenogears\XenogearsUSACD2.bin
02:58 jpsxdec.cdreaders.SectorFactory INFO: Attempting to identify as 2448
02:58 jpsxdec.cdreaders.SectorFactory INFO: Attempting to identify as 2352
02:58 jpsxdec.cdreaders.SectorFactory INFO: Disc type identified as 2352
02:58 index INFO: Indexing Filename:C:\Users\JO\Desktop\XENO_ARC\Xenogears\XenogearsUSACD2.bin|Sector size:2352|Sector count:292815|First sector offset:0
02:58 jpsxdec.indexing.DiscIndexer INFO: Adding disc item Sectors:48-67432|Type:XA|File:1|Channel:1|Stereo?:Yes|Samples/Sec:37800|Bits/Sample:4|Sector stride:8|Disc speed:2x
02:58 jpsxdec.modules.video.sectorbased.fps.StrFrameRateCalc INFO: Matching fps sequence: "10.0 sectors/frame" 10 length 67250 matches@0 1:1=true
02:58 jpsxdec.modules.video.sectorbased.fps.StrFrameRateCalc INFO: Possible frame rates: [2, 5, 10] Chose 10
02:58 jpsxdec.modules.video.sectorbased.fps.StrFrameRateCalc INFO: Sectors 41-67290 (67250) frames 6725 average 10 CASE1001011 old 10 new 10 @000000 vfr false 10.0 sectors/frame
02:58 jpsxdec.indexing.DiscIndexer INFO: Adding disc item Sectors:41-67290|Type:Video|Dimensions:320x224|Frame Count:6725|Sector Frames:41-67281|Sectors/Frame:10/1|1st frame end sector:9|Header Frames:1-6725
02:58 jpsxdec.indexing.DiscIndexer INFO: Adding disc item Sectors:67440-72504|Type:XA|File:1|Channel:1|Stereo?:Yes|Samples/Sec:37800|Bits/Sample:4|Sector stride:8|Disc speed:2x
02:58 jpsxdec.modules.video.sectorbased.fps.StrFrameRateCalc INFO: Matching fps sequence: "10.0 sectors/frame" 10 length 5050 matches@0 1:1=true
02:58 jpsxdec.modules.video.sectorbased.fps.StrFrameRateCalc INFO: Possible frame rates: [2, 5, 10] Chose 10
02:58 jpsxdec.modules.video.sectorbased.fps.StrFrameRateCalc INFO: Sectors 67433-72482 (5050) frames 505 average 10 CASE1001011 old 10 new 10 @000000 vfr false 10.0 sectors/frame
02:58 jpsxdec.indexing.DiscIndexer INFO: Adding disc item Sectors:67433-72482|Type:Video|Dimensions:320x224|Frame Count:505|Sector Frames:67433-72473|Sectors/Frame:10/1|1st frame end sector:9|Header Frames:1-505
02:58 jpsxdec.indexing.DiscIndexer INFO: Adding disc item Sectors:72512-74096|Type:XA|File:1|Channel:1|Stereo?:Yes|Samples/Sec:37800|Bits/Sample:4|Sector stride:8|Disc speed:2x
02:58 jpsxdec.modules.video.sectorbased.fps.StrFrameRateCalc INFO: Matching fps sequence: "10.0 sectors/frame" 10 length 1530 matches@0 1:1=true
02:58 jpsxdec.modules.video.sectorbased.fps.StrFrameRateCalc INFO: Possible frame rates: [2, 5, 10] Chose 10
02:58 jpsxdec.modules.video.sectorbased.fps.StrFrameRateCalc INFO: Sectors 72505-74034 (1530) frames 153 average 10 CASE1001011 old 10 new 10 @000000 vfr false 10.0 sectors/frame
02:58 jpsxdec.indexing.DiscIndexer INFO: Adding disc item Sectors:72505-74034|Type:Video|Dimensions:320x224|Frame Count:153|Sector Frames:72505-74025|Sectors/Frame:10/1|1st frame end sector:9|Header Frames:1-153
02:58 jpsxdec.indexing.DiscIndexer INFO: Adding disc item Sectors:74104-79568|Type:XA|File:1|Channel:1|Stereo?:Yes|Samples/Sec:37800|Bits/Sample:4|Sector stride:8|Disc speed:2x
02:58 jpsxdec.modules.video.sectorbased.fps.StrFrameRateCalc INFO: Matching fps sequence: "10.0 sectors/frame" 10 length 5399 matches@0 1:1=true
02:58 jpsxdec.modules.video.sectorbased.fps.StrFrameRateCalc INFO: Possible frame rates: [2, 5, 10] Chose 10
02:58 jpsxdec.modules.video.sectorbased.fps.StrFrameRateCalc INFO: Sectors 74097-79495 (5399) frames 540 average 5399/540 (9.9981) CASE1001011 old 10 new 10 @000000 vfr false 10.0 sectors/frame
02:58 jpsxdec.indexing.DiscIndexer INFO: Adding disc item Sectors:74097-79495|Type:Video|Dimensions:320x224|Frame Count:540|Sector Frames:74097-79487|Sectors/Frame:10/1|1st frame end sector:9|Header Frames:1-540
02:58 jpsxdec.indexing.DiscIndexer INFO: Adding disc item Sectors:79576-117696|Type:XA|File:1|Channel:1|Stereo?:Yes|Samples/Sec:37800|Bits/Sample:4|Sector stride:8|Disc speed:2x
02:58 jpsxdec.modules.video.sectorbased.fps.StrFrameRateCalc INFO: Matching fps sequence: "10.0 sectors/frame" 10 length 37999 matches@0 1:1=true
02:58 jpsxdec.modules.video.sectorbased.fps.StrFrameRateCalc INFO: Possible frame rates: [2, 5, 10] Chose 10
02:58 jpsxdec.modules.video.sectorbased.fps.StrFrameRateCalc INFO: Sectors 79569-117567 (37999) frames 3800 average 37999/3800 (9.9997) CASE1001011 old 10 new 10 @000000 vfr false 10.0 sectors/frame
02:58 jpsxdec.indexing.DiscIndexer INFO: Adding disc item Sectors:79569-117567|Type:Video|Dimensions:320x224|Frame Count:3800|Sector Frames:79569-117559|Sectors/Frame:10/1|1st frame end sector:9|Header Frames:1-3800
02:58 jpsxdec.indexing.DiscIndexer INFO: Adding disc item Sectors:117704-120312|Type:XA|File:1|Channel:1|Stereo?:Yes|Samples/Sec:37800|Bits/Sample:4|Sector stride:8|Disc speed:2x
02:58 jpsxdec.modules.video.sectorbased.fps.StrFrameRateCalc INFO: Matching fps sequence: "10.0 sectors/frame" 10 length 2550 matches@0 1:1=true
02:58 jpsxdec.modules.video.sectorbased.fps.StrFrameRateCalc INFO: Possible frame rates: [2, 5, 10] Chose 10
02:58 jpsxdec.modules.video.sectorbased.fps.StrFrameRateCalc INFO: Sectors 117697-120246 (2550) frames 255 average 10 CASE1001011 old 10 new 10 @000000 vfr false 10.0 sectors/frame
02:58 jpsxdec.indexing.DiscIndexer INFO: Adding disc item Sectors:117697-120246|Type:Video|Dimensions:320x224|Frame Count:255|Sector Frames:117697-120237|Sectors/Frame:10/1|1st frame end sector:9|Header Frames:1-255
02:58 jpsxdec.indexing.DiscIndexer INFO: Adding disc item Sectors:120320-146856|Type:XA|File:1|Channel:1|Stereo?:Yes|Samples/Sec:37800|Bits/Sample:4|Sector stride:8|Disc speed:2x
02:58 jpsxdec.modules.video.sectorbased.fps.StrFrameRateCalc INFO: Matching fps sequence: "10.0 sectors/frame" 10 length 26519 matches@0 1:1=true
02:58 jpsxdec.modules.video.sectorbased.fps.StrFrameRateCalc INFO: Possible frame rates: [2, 5, 10] Chose 10
02:58 jpsxdec.modules.video.sectorbased.fps.StrFrameRateCalc INFO: Sectors 120313-146831 (26519) frames 2652 average 26519/2652 (9.9996) CASE1001011 old 10 new 10 @000000 vfr false 10.0 sectors/frame
02:58 jpsxdec.indexing.DiscIndexer INFO: Adding disc item Sectors:120313-146831|Type:Video|Dimensions:320x224|Frame Count:2652|Sector Frames:120313-146823|Sectors/Frame:10/1|1st frame end sector:9|Header Frames:1-2652
02:58 jpsxdec.indexing.DiscIndexer INFO: Adding disc item Sectors:146864-149312|Type:XA|File:1|Channel:1|Stereo?:Yes|Samples/Sec:37800|Bits/Sample:4|Sector stride:8|Disc speed:2x
02:58 jpsxdec.modules.video.sectorbased.fps.StrFrameRateCalc INFO: Matching fps sequence: "10.0 sectors/frame" 10 length 2370 matches@0 1:1=true
02:58 jpsxdec.modules.video.sectorbased.fps.StrFrameRateCalc INFO: Possible frame rates: [2, 5, 10] Chose 10
02:58 jpsxdec.modules.video.sectorbased.fps.StrFrameRateCalc INFO: Sectors 146857-149226 (2370) frames 237 average 10 CASE1001011 old 10 new 10 @000000 vfr false 10.0 sectors/frame
02:58 jpsxdec.indexing.DiscIndexer INFO: Adding disc item Sectors:146857-149226|Type:Video|Dimensions:320x224|Frame Count:237|Sector Frames:146857-149217|Sectors/Frame:10/1|1st frame end sector:9|Header Frames:1-237
02:58 jpsxdec.indexing.DiscIndexer INFO: Adding disc item Sectors:149320-158376|Type:XA|File:1|Channel:1|Stereo?:Yes|Samples/Sec:37800|Bits/Sample:4|Sector stride:8|Disc speed:2x
02:58 jpsxdec.modules.video.sectorbased.fps.StrFrameRateCalc INFO: Matching fps sequence: "10.0 sectors/frame" 10 length 9010 matches@0 1:1=true
02:58 jpsxdec.modules.video.sectorbased.fps.StrFrameRateCalc INFO: Possible frame rates: [2, 5, 10] Chose 10
02:58 jpsxdec.modules.video.sectorbased.fps.StrFrameRateCalc INFO: Sectors 149313-158322 (9010) frames 901 average 10 CASE1001011 old 10 new 10 @000000 vfr false 10.0 sectors/frame
02:58 jpsxdec.indexing.DiscIndexer INFO: Adding disc item Sectors:149313-158322|Type:Video|Dimensions:320x224|Frame Count:901|Sector Frames:149313-158313|Sectors/Frame:10/1|1st frame end sector:9|Header Frames:1-901
02:58 jpsxdec.indexing.DiscIndexer INFO: Adding disc item Sectors:158384-160744|Type:XA|File:1|Channel:1|Stereo?:Yes|Samples/Sec:37800|Bits/Sample:4|Sector stride:8|Disc speed:2x
02:58 jpsxdec.modules.video.sectorbased.fps.StrFrameRateCalc INFO: Matching fps sequence: "10.0 sectors/frame" 10 length 2300 matches@0 1:1=true
02:58 jpsxdec.modules.video.sectorbased.fps.StrFrameRateCalc INFO: Possible frame rates: [2, 5, 10] Chose 10
02:58 jpsxdec.modules.video.sectorbased.fps.StrFrameRateCalc INFO: Sectors 158377-160676 (2300) frames 230 average 10 CASE1001011 old 10 new 10 @000000 vfr false 10.0 sectors/frame
02:58 jpsxdec.indexing.DiscIndexer INFO: Adding disc item Sectors:158377-160676|Type:Video|Dimensions:320x224|Frame Count:230|Sector Frames:158377-160667|Sectors/Frame:10/1|1st frame end sector:9|Header Frames:1-230
02:58 jpsxdec.indexing.DiscIndexer INFO: Adding disc item Sectors:160752-166296|Type:XA|File:1|Channel:1|Stereo?:Yes|Samples/Sec:37800|Bits/Sample:4|Sector stride:8|Disc speed:2x
02:58 jpsxdec.modules.video.sectorbased.fps.StrFrameRateCalc INFO: Matching fps sequence: "10.0 sectors/frame" 10 length 5500 matches@0 1:1=true
02:58 jpsxdec.modules.video.sectorbased.fps.StrFrameRateCalc INFO: Possible frame rates: [2, 5, 10] Chose 10
02:58 jpsxdec.modules.video.sectorbased.fps.StrFrameRateCalc INFO: Sectors 160745-166244 (5500) frames 550 average 10 CASE1001011 old 10 new 10 @000000 vfr false 10.0 sectors/frame
02:58 jpsxdec.indexing.DiscIndexer INFO: Adding disc item Sectors:160745-166244|Type:Video|Dimensions:320x224|Frame Count:550|Sector Frames:160745-166235|Sectors/Frame:10/1|1st frame end sector:9|Header Frames:1-550
02:58 jpsxdec.indexing.DiscIndexer INFO: Adding disc item Sectors:166304-172872|Type:XA|File:1|Channel:1|Stereo?:Yes|Samples/Sec:37800|Bits/Sample:4|Sector stride:8|Disc speed:2x
02:58 jpsxdec.indexing.DiscIndexer INFO: Adding disc item Sectors:184618-184620|Type:Tim|Start Offset:0|Dimensions:64x64|Palettes:1|Bpp:8
02:58 jpsxdec.indexing.DiscIndexer INFO: Adding disc item Sectors:184621-184623|Type:Tim|Start Offset:0|Dimensions:64x64|Palettes:1|Bpp:8
02:58 jpsxdec.indexing.DiscIndexer INFO: Adding disc item Sectors:184624-184626|Type:Tim|Start Offset:0|Dimensions:64x64|Palettes:1|Bpp:8
02:58 jpsxdec.indexing.DiscIndexer INFO: Adding disc item Sectors:184627-184629|Type:Tim|Start Offset:0|Dimensions:64x64|Palettes:1|Bpp:8
02:58 jpsxdec.indexing.DiscIndexer INFO: Adding disc item Sectors:184630-184632|Type:Tim|Start Offset:0|Dimensions:64x64|Palettes:1|Bpp:8
02:58 jpsxdec.indexing.DiscIndexer INFO: Adding disc item Sectors:184633-184635|Type:Tim|Start Offset:0|Dimensions:64x64|Palettes:1|Bpp:8
02:58 jpsxdec.indexing.DiscIndexer INFO: Adding disc item Sectors:184636-184638|Type:Tim|Start Offset:0|Dimensions:64x64|Palettes:1|Bpp:8
02:58 jpsxdec.indexing.DiscIndexer INFO: Adding disc item Sectors:184639-184641|Type:Tim|Start Offset:0|Dimensions:64x64|Palettes:1|Bpp:8
02:58 jpsxdec.indexing.DiscIndexer INFO: Adding disc item Sectors:184642-184644|Type:Tim|Start Offset:0|Dimensions:64x64|Palettes:1|Bpp:8
02:58 jpsxdec.indexing.DiscIndexer INFO: Adding disc item Sectors:184645-184647|Type:Tim|Start Offset:0|Dimensions:64x64|Palettes:1|Bpp:8
02:58 jpsxdec.indexing.DiscIndexer INFO: Adding disc item Sectors:184648-184650|Type:Tim|Start Offset:0|Dimensions:64x64|Palettes:1|Bpp:8
02:58 jpsxdec.indexing.DiscIndexer INFO: Adding disc item Sectors:184651-184653|Type:Tim|Start Offset:0|Dimensions:64x64|Palettes:1|Bpp:8
02:58 jpsxdec.indexing.DiscIndexer INFO: Adding disc item Sectors:184654-184656|Type:Tim|Start Offset:0|Dimensions:64x64|Palettes:1|Bpp:8
02:58 jpsxdec.indexing.DiscIndexer INFO: Adding disc item Sectors:184657-184659|Type:Tim|Start Offset:0|Dimensions:64x64|Palettes:1|Bpp:8
02:58 jpsxdec.indexing.DiscIndexer INFO: Adding disc item Sectors:184660-184662|Type:Tim|Start Offset:0|Dimensions:64x64|Palettes:1|Bpp:8
02:58 jpsxdec.indexing.DiscIndexer INFO: Adding disc item Sectors:184663-184665|Type:Tim|Start Offset:0|Dimensions:64x64|Palettes:1|Bpp:8
02:58 jpsxdec.indexing.DiscIndexer INFO: Adding disc item Sectors:184666-184668|Type:Tim|Start Offset:0|Dimensions:64x64|Palettes:1|Bpp:8
02:58 jpsxdec.indexing.DiscIndexer INFO: Adding disc item Sectors:184669-184671|Type:Tim|Start Offset:0|Dimensions:64x64|Palettes:1|Bpp:8
02:58 jpsxdec.indexing.DiscIndexer INFO: Adding disc item Sectors:184672-184674|Type:Tim|Start Offset:0|Dimensions:64x64|Palettes:1|Bpp:8
02:58 jpsxdec.indexing.DiscIndexer INFO: Adding disc item Sectors:184675-184677|Type:Tim|Start Offset:0|Dimensions:64x64|Palettes:1|Bpp:8
02:58 jpsxdec.indexing.DiscIndexer INFO: Adding disc item Sectors:184678-184680|Type:Tim|Start Offset:0|Dimensions:64x64|Palettes:1|Bpp:8
02:58 jpsxdec.indexing.DiscIndexer INFO: Adding disc item Sectors:184681-184683|Type:Tim|Start Offset:0|Dimensions:64x64|Palettes:1|Bpp:8
02:58 jpsxdec.indexing.DiscIndexer INFO: Adding disc item Sectors:184684-184686|Type:Tim|Start Offset:0|Dimensions:64x64|Palettes:1|Bpp:8
02:58 jpsxdec.indexing.DiscIndexer INFO: Adding disc item Sectors:184687-184689|Type:Tim|Start Offset:0|Dimensions:64x64|Palettes:1|Bpp:8
02:58 jpsxdec.indexing.DiscIndexer INFO: Adding disc item Sectors:184690-184692|Type:Tim|Start Offset:0|Dimensions:64x64|Palettes:1|Bpp:8
02:58 jpsxdec.indexing.DiscIndexer INFO: Adding disc item Sectors:184693-184695|Type:Tim|Start Offset:0|Dimensions:64x64|Palettes:1|Bpp:8
02:58 jpsxdec.indexing.DiscIndexer INFO: Adding disc item Sectors:184696-184698|Type:Tim|Start Offset:0|Dimensions:64x64|Palettes:1|Bpp:8
02:58 jpsxdec.indexing.DiscIndexer INFO: Adding disc item Sectors:184699-184701|Type:Tim|Start Offset:0|Dimensions:64x64|Palettes:1|Bpp:8
02:58 jpsxdec.indexing.DiscIndexer INFO: Adding disc item Sectors:184702-184704|Type:Tim|Start Offset:0|Dimensions:64x64|Palettes:1|Bpp:8
02:58 jpsxdec.indexing.DiscIndexer INFO: Adding disc item Sectors:184705-184707|Type:Tim|Start Offset:0|Dimensions:64x64|Palettes:1|Bpp:8
02:58 jpsxdec.indexing.DiscIndexer INFO: Adding disc item Sectors:184708-184710|Type:Tim|Start Offset:0|Dimensions:64x64|Palettes:1|Bpp:8
02:58 jpsxdec.indexing.DiscIndexer INFO: Adding disc item Sectors:184711-184713|Type:Tim|Start Offset:0|Dimensions:64x64|Palettes:1|Bpp:8
02:58 jpsxdec.indexing.DiscIndexer INFO: Adding disc item Sectors:184714-184716|Type:Tim|Start Offset:0|Dimensions:64x64|Palettes:1|Bpp:8
02:58 jpsxdec.indexing.DiscIndexer INFO: Adding disc item Sectors:184717-184719|Type:Tim|Start Offset:0|Dimensions:64x64|Palettes:1|Bpp:8
02:58 jpsxdec.indexing.DiscIndexer INFO: Adding disc item Sectors:184720-184722|Type:Tim|Start Offset:0|Dimensions:64x64|Palettes:1|Bpp:8
02:58 jpsxdec.indexing.DiscIndexer INFO: Adding disc item Sectors:184723-184725|Type:Tim|Start Offset:0|Dimensions:64x64|Palettes:1|Bpp:8
02:58 jpsxdec.indexing.DiscIndexer INFO: Adding disc item Sectors:184726-184728|Type:Tim|Start Offset:0|Dimensions:64x64|Palettes:1|Bpp:8
02:58 jpsxdec.indexing.DiscIndexer INFO: Adding disc item Sectors:184729-184731|Type:Tim|Start Offset:0|Dimensions:64x64|Palettes:1|Bpp:8
02:58 jpsxdec.indexing.DiscIndexer INFO: Adding disc item Sectors:184732-184734|Type:Tim|Start Offset:0|Dimensions:64x64|Palettes:1|Bpp:8
02:58 jpsxdec.indexing.DiscIndexer INFO: Adding disc item Sectors:184735-184737|Type:Tim|Start Offset:0|Dimensions:64x64|Palettes:1|Bpp:8
02:58 jpsxdec.indexing.DiscIndexer INFO: Adding disc item Sectors:184738-184740|Type:Tim|Start Offset:0|Dimensions:64x64|Palettes:1|Bpp:8
02:58 jpsxdec.indexing.DiscIndexer INFO: Adding disc item Sectors:184741-184743|Type:Tim|Start Offset:0|Dimensions:64x64|Palettes:1|Bpp:8
02:58 jpsxdec.indexing.DiscIndexer INFO: Adding disc item Sectors:184744-184746|Type:Tim|Start Offset:0|Dimensions:64x64|Palettes:1|Bpp:8
02:58 jpsxdec.indexing.DiscIndexer INFO: Adding disc item Sectors:184747-184749|Type:Tim|Start Offset:0|Dimensions:64x64|Palettes:1|Bpp:8
02:58 jpsxdec.indexing.DiscIndexer INFO: Adding disc item Sectors:184750-184752|Type:Tim|Start Offset:0|Dimensions:64x64|Palettes:1|Bpp:8
02:58 jpsxdec.indexing.DiscIndexer INFO: Adding disc item Sectors:184753-184755|Type:Tim|Start Offset:0|Dimensions:64x64|Palettes:1|Bpp:8
02:58 jpsxdec.indexing.DiscIndexer INFO: Adding disc item Sectors:184756-184758|Type:Tim|Start Offset:0|Dimensions:64x64|Palettes:1|Bpp:8
02:58 jpsxdec.indexing.DiscIndexer INFO: Adding disc item Sectors:184759-184761|Type:Tim|Start Offset:0|Dimensions:64x64|Palettes:1|Bpp:8
02:58 jpsxdec.indexing.DiscIndexer INFO: Adding disc item Sectors:184762-184764|Type:Tim|Start Offset:0|Dimensions:64x64|Palettes:1|Bpp:8
02:58 jpsxdec.indexing.DiscIndexer INFO: Adding disc item Sectors:184765-184767|Type:Tim|Start Offset:0|Dimensions:64x64|Palettes:1|Bpp:8
02:58 jpsxdec.indexing.DiscIndexer INFO: Adding disc item Sectors:184768-184770|Type:Tim|Start Offset:0|Dimensions:64x64|Palettes:1|Bpp:8
02:58 jpsxdec.indexing.DiscIndexer INFO: Adding disc item Sectors:184771-184773|Type:Tim|Start Offset:0|Dimensions:64x64|Palettes:1|Bpp:8
02:58 jpsxdec.indexing.DiscIndexer INFO: Adding disc item Sectors:184774-184776|Type:Tim|Start Offset:0|Dimensions:64x64|Palettes:1|Bpp:8
02:58 jpsxdec.indexing.DiscIndexer INFO: Adding disc item Sectors:184777-184779|Type:Tim|Start Offset:0|Dimensions:64x64|Palettes:1|Bpp:8
02:58 jpsxdec.indexing.DiscIndexer INFO: Adding disc item Sectors:184780-184782|Type:Tim|Start Offset:0|Dimensions:64x64|Palettes:1|Bpp:8
02:58 jpsxdec.indexing.DiscIndexer INFO: Adding disc item Sectors:184783-184785|Type:Tim|Start Offset:0|Dimensions:64x64|Palettes:1|Bpp:8
02:58 jpsxdec.indexing.DiscIndexer INFO: Adding disc item Sectors:184786-184788|Type:Tim|Start Offset:0|Dimensions:64x64|Palettes:1|Bpp:8
02:58 jpsxdec.indexing.DiscIndexer INFO: Adding disc item Sectors:184789-184791|Type:Tim|Start Offset:0|Dimensions:64x64|Palettes:1|Bpp:8
02:58 jpsxdec.indexing.DiscIndexer INFO: Adding disc item Sectors:184792-184794|Type:Tim|Start Offset:0|Dimensions:64x64|Palettes:1|Bpp:8
02:58 jpsxdec.indexing.DiscIndexer INFO: Adding disc item Sectors:184795-184797|Type:Tim|Start Offset:0|Dimensions:64x64|Palettes:1|Bpp:8
02:58 jpsxdec.indexing.DiscIndexer INFO: Adding disc item Sectors:184798-184800|Type:Tim|Start Offset:0|Dimensions:64x64|Palettes:1|Bpp:8
02:58 jpsxdec.indexing.DiscIndexer INFO: Adding disc item Sectors:184801-184803|Type:Tim|Start Offset:0|Dimensions:64x64|Palettes:1|Bpp:8
02:58 jpsxdec.indexing.DiscIndexer INFO: Adding disc item Sectors:184804-184806|Type:Tim|Start Offset:0|Dimensions:64x64|Palettes:1|Bpp:8
02:58 jpsxdec.indexing.DiscIndexer INFO: Adding disc item Sectors:184807-184809|Type:Tim|Start Offset:0|Dimensions:64x64|Palettes:1|Bpp:8
02:58 jpsxdec.indexing.DiscIndexer INFO: Adding disc item Sectors:184810-184812|Type:Tim|Start Offset:0|Dimensions:64x64|Palettes:1|Bpp:8
02:58 jpsxdec.indexing.DiscIndexer INFO: Adding disc item Sectors:184813-184815|Type:Tim|Start Offset:0|Dimensions:64x64|Palettes:1|Bpp:8
02:58 jpsxdec.indexing.DiscIndexer INFO: Adding disc item Sectors:184816-184818|Type:Tim|Start Offset:0|Dimensions:64x64|Palettes:1|Bpp:8
02:58 jpsxdec.indexing.DiscIndexer INFO: Adding disc item Sectors:184819-184821|Type:Tim|Start Offset:0|Dimensions:64x64|Palettes:1|Bpp:8
02:58 jpsxdec.indexing.DiscIndexer INFO: Adding disc item Sectors:184822-184824|Type:Tim|Start Offset:0|Dimensions:64x64|Palettes:1|Bpp:8
02:58 jpsxdec.indexing.DiscIndexer INFO: Adding disc item Sectors:184825-184827|Type:Tim|Start Offset:0|Dimensions:64x64|Palettes:1|Bpp:8
02:58 jpsxdec.indexing.DiscIndexer INFO: Adding disc item Sectors:184828-184830|Type:Tim|Start Offset:0|Dimensions:64x64|Palettes:1|Bpp:8
02:58 jpsxdec.indexing.DiscIndexer INFO: Adding disc item Sectors:184831-184833|Type:Tim|Start Offset:0|Dimensions:64x64|Palettes:1|Bpp:8
02:58 jpsxdec.indexing.DiscIndexer INFO: Adding disc item Sectors:184834-184836|Type:Tim|Start Offset:0|Dimensions:64x64|Palettes:1|Bpp:8
02:58 jpsxdec.indexing.DiscIndexer INFO: Adding disc item Sectors:184837-184839|Type:Tim|Start Offset:0|Dimensions:64x64|Palettes:1|Bpp:8
02:58 jpsxdec.indexing.DiscIndexer INFO: Adding disc item Sectors:184840-184842|Type:Tim|Start Offset:0|Dimensions:64x64|Palettes:1|Bpp:8
02:58 jpsxdec.indexing.DiscIndexer INFO: Adding disc item Sectors:184843-184845|Type:Tim|Start Offset:0|Dimensions:64x64|Palettes:1|Bpp:8
02:58 jpsxdec.indexing.DiscIndexer INFO: Adding disc item Sectors:184846-184848|Type:Tim|Start Offset:0|Dimensions:64x64|Palettes:1|Bpp:8
02:58 jpsxdec.indexing.DiscIndexer INFO: Adding disc item Sectors:184849-184851|Type:Tim|Start Offset:0|Dimensions:64x64|Palettes:1|Bpp:8
02:58 jpsxdec.indexing.DiscIndexer INFO: Adding disc item Sectors:184852-184854|Type:Tim|Start Offset:0|Dimensions:64x64|Palettes:1|Bpp:8
02:58 jpsxdec.indexing.DiscIndexer INFO: Adding disc item Sectors:184855-184857|Type:Tim|Start Offset:0|Dimensions:64x64|Palettes:1|Bpp:8
02:58 jpsxdec.indexing.DiscIndexer INFO: Adding disc item Sectors:184858-184860|Type:Tim|Start Offset:0|Dimensions:64x64|Palettes:1|Bpp:8
02:58 jpsxdec.indexing.DiscIndexer INFO: Adding disc item Sectors:184861-184863|Type:Tim|Start Offset:0|Dimensions:64x64|Palettes:1|Bpp:8
02:58 jpsxdec.indexing.DiscIndexer INFO: Adding disc item Sectors:184864-184866|Type:Tim|Start Offset:0|Dimensions:64x64|Palettes:1|Bpp:8
02:58 jpsxdec.indexing.DiscIndexer INFO: Adding disc item Sectors:184867-184869|Type:Tim|Start Offset:0|Dimensions:64x64|Palettes:1|Bpp:8
02:58 jpsxdec.indexing.DiscIndexer INFO: Adding disc item Sectors:184870-184872|Type:Tim|Start Offset:0|Dimensions:64x64|Palettes:1|Bpp:8
02:58 jpsxdec.indexing.DiscIndexer INFO: Adding disc item Sectors:184873-184875|Type:Tim|Start Offset:0|Dimensions:64x64|Palettes:1|Bpp:8
02:58 jpsxdec.indexing.DiscIndexer INFO: Adding disc item Sectors:184876-184878|Type:Tim|Start Offset:0|Dimensions:64x64|Palettes:1|Bpp:8
02:58 jpsxdec.indexing.DiscIndexer INFO: Adding disc item Sectors:184879-184881|Type:Tim|Start Offset:0|Dimensions:64x64|Palettes:1|Bpp:8
02:58 jpsxdec.indexing.DiscIndexer INFO: Adding disc item Sectors:184882-184884|Type:Tim|Start Offset:0|Dimensions:64x64|Palettes:1|Bpp:8
02:58 jpsxdec.indexing.DiscIndexer INFO: Adding disc item Sectors:184885-184887|Type:Tim|Start Offset:0|Dimensions:64x64|Palettes:1|Bpp:8
02:58 jpsxdec.indexing.DiscIndexer INFO: Adding disc item Sectors:184888-184890|Type:Tim|Start Offset:0|Dimensions:64x64|Palettes:1|Bpp:8
02:58 jpsxdec.indexing.DiscIndexer INFO: Adding disc item Sectors:184891-184893|Type:Tim|Start Offset:40|Dimensions:64x64|Palettes:1|Bpp:8
02:58 jpsxdec.indexing.DiscIndexer INFO: Adding disc item Sectors:184893-184893|Type:Tim|Start Offset:584|Dimensions:128x16|Palettes:1|Bpp:4
02:58 jpsxdec.indexing.DiscIndexer INFO: Adding disc item Sectors:184893-184894|Type:Tim|Start Offset:1672|Dimensions:16x64|Palettes:1|Bpp:4
02:58 jpsxdec.indexing.DiscIndexer INFO: Adding disc item Sectors:184894-184894|Type:Tim|Start Offset:200|Dimensions:32x32|Palettes:1|Bpp:4
02:58 jpsxdec.indexing.DiscIndexer INFO: Adding disc item Sectors:184894-184895|Type:Tim|Start Offset:776|Dimensions:96x16|Palettes:16|Bpp:4
02:58 jpsxdec.indexing.DiscIndexer INFO: Adding disc item Sectors:184895-184907|Type:Tim|Start Offset:40|Dimensions:256x192|Palettes:1|Bpp:4
02:58 jpsxdec.indexing.DiscIndexer INFO: Adding disc item Sectors:184907-184907|Type:Tim|Start Offset:104|Dimensions:12x40|Palettes:1|Bpp:4
02:58 jpsxdec.indexing.DiscIndexer INFO: Adding disc item Sectors:184907-184907|Type:Tim|Start Offset:408|Dimensions:40x12|Palettes:1|Bpp:4
02:58 jpsxdec.indexing.DiscIndexer INFO: Adding disc item Sectors:184966-184974|Type:Tim|Start Offset:0|Dimensions:256x128|Palettes:1|Bpp:4
02:58 jpsxdec.indexing.DiscIndexer INFO: Adding disc item Sectors:184980-184996|Type:Tim|Start Offset:0|Dimensions:128x256|Palettes:1|Bpp:8
02:58 jpsxdec.indexing.DiscIndexer INFO: Adding disc item Sectors:221427-221497|Type:Tim|Start Offset:0|Dimensions:320x224|Palettes:1|Bpp:16
02:58 jpsxdec.indexing.DiscIndexer INFO: Adding disc item Sectors:221498-221568|Type:Tim|Start Offset:0|Dimensions:320x224|Palettes:1|Bpp:16
02:58 jpsxdec.indexing.DiscIndexer INFO: Adding disc item Sectors:221569-221639|Type:Tim|Start Offset:0|Dimensions:320x224|Palettes:1|Bpp:16
02:58 jpsxdec.indexing.DiscIndexer INFO: Adding disc item Sectors:221640-221677|Type:Tim|Start Offset:0|Dimensions:320x240|Palettes:1|Bpp:8
02:58 jpsxdec.indexing.DiscIndexer INFO: Adding disc item Sectors:221678-221715|Type:Tim|Start Offset:0|Dimensions:320x240|Palettes:1|Bpp:8
02:58 jpsxdec.indexing.DiscIndexer INFO: Adding disc item Sectors:221716-221753|Type:Tim|Start Offset:0|Dimensions:320x240|Palettes:1|Bpp:8
02:58 jpsxdec.indexing.DiscIndexer INFO: Adding disc item Sectors:221754-221791|Type:Tim|Start Offset:0|Dimensions:320x240|Palettes:1|Bpp:8
02:58 jpsxdec.indexing.DiscIndexer INFO: Adding disc item Sectors:221792-221829|Type:Tim|Start Offset:0|Dimensions:320x240|Palettes:1|Bpp:8
02:58 jpsxdec.indexing.DiscIndexer INFO: Adding disc item Sectors:221830-221867|Type:Tim|Start Offset:0|Dimensions:320x240|Palettes:1|Bpp:8
02:58 jpsxdec.indexing.DiscIndexer INFO: Adding disc item Sectors:221868-221905|Type:Tim|Start Offset:0|Dimensions:320x240|Palettes:1|Bpp:8
02:58 jpsxdec.indexing.DiscIndexer INFO: Adding disc item Sectors:221906-221943|Type:Tim|Start Offset:0|Dimensions:320x240|Palettes:1|Bpp:8
02:58 jpsxdec.indexing.DiscIndexer INFO: Adding disc item Sectors:221944-221981|Type:Tim|Start Offset:0|Dimensions:320x240|Palettes:1|Bpp:8
02:58 jpsxdec.indexing.DiscIndexer INFO: Adding disc item Sectors:221982-222006|Type:Tim|Start Offset:0|Dimensions:256x192|Palettes:1|Bpp:8
02:58 jpsxdec.indexing.DiscIndexer INFO: Adding disc item Sectors:222007-222031|Type:Tim|Start Offset:0|Dimensions:256x192|Palettes:1|Bpp:8
02:58 jpsxdec.indexing.DiscIndexer INFO: Adding disc item Sectors:222032-222056|Type:Tim|Start Offset:0|Dimensions:256x192|Palettes:1|Bpp:8
02:58 jpsxdec.indexing.DiscIndexer INFO: Adding disc item Sectors:222057-222081|Type:Tim|Start Offset:0|Dimensions:256x192|Palettes:1|Bpp:8
02:58 jpsxdec.indexing.DiscIndexer INFO: Adding disc item Sectors:222082-222106|Type:Tim|Start Offset:0|Dimensions:256x192|Palettes:1|Bpp:8
02:58 jpsxdec.indexing.DiscIndexer INFO: Adding disc item Sectors:222107-222177|Type:Tim|Start Offset:0|Dimensions:320x224|Palettes:1|Bpp:16
02:58 jpsxdec.indexing.DiscIndexer INFO: Adding disc item Sectors:222178-222248|Type:Tim|Start Offset:0|Dimensions:320x224|Palettes:1|Bpp:16
02:58 jpsxdec.indexing.DiscIndexer INFO: Adding disc item Sectors:222249-222319|Type:Tim|Start Offset:0|Dimensions:320x224|Palettes:1|Bpp:16
02:58 jpsxdec.indexing.DiscIndexer INFO: Adding disc item Sectors:222320-222390|Type:Tim|Start Offset:0|Dimensions:320x224|Palettes:1|Bpp:16
02:58 jpsxdec.indexing.DiscIndexer INFO: Adding disc item Sectors:222391-222461|Type:Tim|Start Offset:0|Dimensions:320x224|Palettes:1|Bpp:16
02:58 jpsxdec.indexing.DiscIndexer INFO: Adding disc item Sectors:222462-222532|Type:Tim|Start Offset:0|Dimensions:320x224|Palettes:1|Bpp:16
02:58 jpsxdec.indexing.DiscIndexer INFO: Adding disc item Sectors:222533-222570|Type:Tim|Start Offset:0|Dimensions:320x240|Palettes:1|Bpp:8
02:58 jpsxdec.indexing.DiscIndexer INFO: Adding disc item Sectors:222571-222641|Type:Tim|Start Offset:0|Dimensions:320x224|Palettes:1|Bpp:16
02:58 jpsxdec.indexing.DiscIndexer INFO: Adding disc item Sectors:222642-222712|Type:Tim|Start Offset:0|Dimensions:320x224|Palettes:1|Bpp:16
02:58 jpsxdec.indexing.DiscIndexer INFO: Adding disc item Sectors:222713-222783|Type:Tim|Start Offset:0|Dimensions:320x224|Palettes:1|Bpp:16
02:58 jpsxdec.indexing.DiscIndexer INFO: Adding disc item Sectors:222784-222854|Type:Tim|Start Offset:0|Dimensions:320x224|Palettes:1|Bpp:16
02:58 jpsxdec.indexing.DiscIndexer INFO: Adding disc item Sectors:222855-222925|Type:Tim|Start Offset:0|Dimensions:320x224|Palettes:1|Bpp:16
02:58 jpsxdec.indexing.DiscIndexer INFO: Adding disc item Sectors:222926-222963|Type:Tim|Start Offset:0|Dimensions:320x240|Palettes:1|Bpp:8
02:58 jpsxdec.indexing.DiscIndexer INFO: Adding disc item Sectors:222964-223034|Type:Tim|Start Offset:0|Dimensions:320x224|Palettes:1|Bpp:16
02:58 jpsxdec.indexing.DiscIndexer INFO: Adding disc item Sectors:223035-223105|Type:Tim|Start Offset:0|Dimensions:320x224|Palettes:1|Bpp:16
02:58 jpsxdec.indexing.DiscIndexer INFO: Adding disc item Sectors:223106-223176|Type:Tim|Start Offset:0|Dimensions:320x224|Palettes:1|Bpp:16
02:58 jpsxdec.indexing.DiscIndexer INFO: Adding disc item Sectors:223177-223247|Type:Tim|Start Offset:0|Dimensions:320x224|Palettes:1|Bpp:16
02:58 jpsxdec.indexing.DiscIndexer INFO: Adding disc item Sectors:223248-223318|Type:Tim|Start Offset:0|Dimensions:320x224|Palettes:1|Bpp:16
02:58 jpsxdec.indexing.DiscIndexer INFO: Adding disc item Sectors:223319-223389|Type:Tim|Start Offset:0|Dimensions:320x224|Palettes:1|Bpp:16
02:58 jpsxdec.indexing.DiscIndexer INFO: Adding disc item Sectors:223390-223460|Type:Tim|Start Offset:0|Dimensions:320x224|Palettes:1|Bpp:16
02:58 jpsxdec.indexing.DiscIndexer INFO: Adding disc item Sectors:223461-223531|Type:Tim|Start Offset:0|Dimensions:320x224|Palettes:1|Bpp:16
02:58 jpsxdec.indexing.DiscIndexer INFO: Adding disc item Sectors:223532-223602|Type:Tim|Start Offset:0|Dimensions:320x224|Palettes:1|Bpp:16
02:58 jpsxdec.indexing.DiscIndexer INFO: Adding disc item Sectors:223603-223673|Type:Tim|Start Offset:0|Dimensions:320x224|Palettes:1|Bpp:16
02:58 jpsxdec.indexing.DiscIndexer INFO: Adding disc item Sectors:223674-223744|Type:Tim|Start Offset:0|Dimensions:320x224|Palettes:1|Bpp:16
02:58 jpsxdec.indexing.DiscIndexer INFO: Adding disc item Sectors:223745-223815|Type:Tim|Start Offset:0|Dimensions:320x224|Palettes:1|Bpp:16
02:58 jpsxdec.indexing.DiscIndexer INFO: Adding disc item Sectors:223816-223886|Type:Tim|Start Offset:0|Dimensions:320x224|Palettes:1|Bpp:16
02:58 jpsxdec.indexing.DiscIndexer INFO: Adding disc item Sectors:223887-223957|Type:Tim|Start Offset:0|Dimensions:320x224|Palettes:1|Bpp:16
02:58 jpsxdec.indexing.DiscIndexer INFO: Adding disc item Sectors:223958-224028|Type:Tim|Start Offset:0|Dimensions:320x224|Palettes:1|Bpp:16
02:58 jpsxdec.indexing.DiscIndexer INFO: Adding disc item Sectors:224029-224099|Type:Tim|Start Offset:0|Dimensions:320x224|Palettes:1|Bpp:16
02:58 jpsxdec.indexing.DiscIndexer INFO: Adding disc item Sectors:224100-224170|Type:Tim|Start Offset:0|Dimensions:320x224|Palettes:1|Bpp:16
02:58 jpsxdec.indexing.DiscIndexer INFO: Adding disc item Sectors:224171-224208|Type:Tim|Start Offset:0|Dimensions:320x240|Palettes:1|Bpp:8
02:58 jpsxdec.indexing.DiscIndexer INFO: Adding disc item Sectors:224209-224279|Type:Tim|Start Offset:0|Dimensions:320x224|Palettes:1|Bpp:16
02:58 jpsxdec.indexing.DiscIndexer INFO: Adding disc item Sectors:224280-224350|Type:Tim|Start Offset:0|Dimensions:320x224|Palettes:1|Bpp:16
02:58 jpsxdec.indexing.DiscIndexer INFO: Adding disc item Sectors:224351-224421|Type:Tim|Start Offset:0|Dimensions:320x224|Palettes:1|Bpp:16
02:58 jpsxdec.indexing.DiscIndexer INFO: Adding disc item Sectors:224422-224492|Type:Tim|Start Offset:0|Dimensions:320x224|Palettes:1|Bpp:16
02:58 jpsxdec.indexing.DiscIndexer INFO: Adding disc item Sectors:224493-224563|Type:Tim|Start Offset:0|Dimensions:320x224|Palettes:1|Bpp:16
02:58 jpsxdec.indexing.DiscIndexer INFO: Adding disc item Sectors:224564-224634|Type:Tim|Start Offset:0|Dimensions:320x224|Palettes:1|Bpp:16
02:58 jpsxdec.indexing.DiscIndexer INFO: Adding disc item Sectors:224635-224705|Type:Tim|Start Offset:0|Dimensions:320x224|Palettes:1|Bpp:16
02:58 jpsxdec.indexing.DiscIndexer INFO: Adding disc item Sectors:224706-224776|Type:Tim|Start Offset:0|Dimensions:320x224|Palettes:1|Bpp:16
02:58 jpsxdec.indexing.DiscIndexer INFO: Adding disc item Sectors:224777-224847|Type:Tim|Start Offset:0|Dimensions:320x224|Palettes:1|Bpp:16
02:58 jpsxdec.indexing.DiscIndexer INFO: Adding disc item Sectors:224848-224918|Type:Tim|Start Offset:0|Dimensions:320x224|Palettes:1|Bpp:16
02:58 jpsxdec.indexing.DiscIndexer INFO: Adding disc item Sectors:224919-224989|Type:Tim|Start Offset:0|Dimensions:320x224|Palettes:1|Bpp:16
02:58 jpsxdec.indexing.DiscIndexer INFO: Adding disc item Sectors:224990-225060|Type:Tim|Start Offset:0|Dimensions:320x224|Palettes:1|Bpp:16
02:58 jpsxdec.indexing.DiscIndexer INFO: Adding disc item Sectors:225061-225131|Type:Tim|Start Offset:0|Dimensions:320x224|Palettes:1|Bpp:16
02:58 jpsxdec.indexing.DiscIndexer INFO: Adding disc item Sectors:225132-225156|Type:Tim|Start Offset:0|Dimensions:256x192|Palettes:1|Bpp:8
02:58 jpsxdec.indexing.DiscIndexer INFO: Adding disc item Sectors:225157-225181|Type:Tim|Start Offset:0|Dimensions:256x192|Palettes:1|Bpp:8
02:58 jpsxdec.indexing.DiscIndexer INFO: Adding disc item Sectors:225182-225206|Type:Tim|Start Offset:0|Dimensions:256x192|Palettes:1|Bpp:8
02:58 jpsxdec.indexing.DiscIndexer INFO: Adding disc item Sectors:225207-225247|Type:Tim|Start Offset:0|Dimensions:320x256|Palettes:1|Bpp:8
02:58 jpsxdec.indexing.DiscIndexer INFO: Adding disc item Sectors:225248-225288|Type:Tim|Start Offset:0|Dimensions:320x256|Palettes:1|Bpp:8
02:58 jpsxdec.indexing.DiscIndexer INFO: Adding disc item Sectors:225289-225329|Type:Tim|Start Offset:0|Dimensions:320x256|Palettes:1|Bpp:8
02:58 jpsxdec.indexing.DiscIndexer INFO: Adding disc item Sectors:225330-225400|Type:Tim|Start Offset:0|Dimensions:320x224|Palettes:1|Bpp:16
02:58 jpsxdec.indexing.DiscIndexer INFO: Adding disc item Sectors:225401-225471|Type:Tim|Start Offset:0|Dimensions:320x224|Palettes:1|Bpp:16
02:58 jpsxdec.indexing.DiscIndexer INFO: Adding disc item Sectors:225472-225542|Type:Tim|Start Offset:0|Dimensions:320x224|Palettes:1|Bpp:16
02:58 jpsxdec.indexing.DiscIndexer INFO: Adding disc item Sectors:225543-225613|Type:Tim|Start Offset:0|Dimensions:320x224|Palettes:1|Bpp:16
02:58 jpsxdec.indexing.DiscIndexer INFO: Adding disc item Sectors:225614-225684|Type:Tim|Start Offset:0|Dimensions:320x224|Palettes:1|Bpp:16
02:58 jpsxdec.indexing.DiscIndexer INFO: Adding disc item Sectors:225685-225755|Type:Tim|Start Offset:0|Dimensions:320x224|Palettes:1|Bpp:16
02:58 jpsxdec.indexing.DiscIndexer INFO: Adding disc item Sectors:225756-225826|Type:Tim|Start Offset:0|Dimensions:320x224|Palettes:1|Bpp:16
02:58 jpsxdec.indexing.DiscIndexer INFO: Adding disc item Sectors:225827-225897|Type:Tim|Start Offset:0|Dimensions:320x224|Palettes:1|Bpp:16
02:58 jpsxdec.indexing.DiscIndexer INFO: Adding disc item Sectors:225898-225922|Type:Tim|Start Offset:0|Dimensions:256x192|Palettes:1|Bpp:8
02:58 jpsxdec.indexing.DiscIndexer INFO: Adding disc item Sectors:225923-225947|Type:Tim|Start Offset:0|Dimensions:256x192|Palettes:1|Bpp:8
02:58 jpsxdec.indexing.DiscIndexer INFO: Adding disc item Sectors:225948-225972|Type:Tim|Start Offset:0|Dimensions:256x192|Palettes:1|Bpp:8
02:58 jpsxdec.indexing.DiscIndexer INFO: Adding disc item Sectors:225973-225997|Type:Tim|Start Offset:0|Dimensions:256x192|Palettes:1|Bpp:8
02:58 jpsxdec.indexing.DiscIndexer INFO: Adding disc item Sectors:225998-226022|Type:Tim|Start Offset:0|Dimensions:256x192|Palettes:1|Bpp:8
02:58 jpsxdec.indexing.DiscIndexer INFO: Adding disc item Sectors:226023-226047|Type:Tim|Start Offset:0|Dimensions:256x192|Palettes:1|Bpp:8
02:58 jpsxdec.indexing.DiscIndexer INFO: Adding disc item Sectors:226048-226067|Type:Tim|Start Offset:0|Dimensions:256x156|Palettes:1|Bpp:8
02:58 jpsxdec.indexing.DiscIndexer INFO: Adding disc item Sectors:226068-226138|Type:Tim|Start Offset:0|Dimensions:320x224|Palettes:1|Bpp:16
02:58 jpsxdec.indexing.DiscIndexer INFO: Adding disc item Sectors:226139-226209|Type:Tim|Start Offset:0|Dimensions:320x224|Palettes:1|Bpp:16
02:58 jpsxdec.indexing.DiscIndexer INFO: Adding disc item Sectors:226210-226280|Type:Tim|Start Offset:0|Dimensions:320x224|Palettes:1|Bpp:16
02:58 jpsxdec.indexing.DiscIndexer INFO: Adding disc item Sectors:226281-226351|Type:Tim|Start Offset:0|Dimensions:320x224|Palettes:1|Bpp:16
02:58 jpsxdec.indexing.DiscIndexer INFO: Adding disc item Sectors:226352-226422|Type:Tim|Start Offset:0|Dimensions:640x224|Palettes:1|Bpp:8
02:58 jpsxdec.indexing.DiscIndexer INFO: Adding disc item Sectors:226423-226493|Type:Tim|Start Offset:0|Dimensions:640x224|Palettes:1|Bpp:8
02:58 jpsxdec.indexing.DiscIndexer INFO: Adding disc item ID:SLUS_006.69|Sectors:172918-173065|Type:File|Size:303104|Path:SLUS_006.69|Has mode 2 form 2:No|Has CD audio:No
02:58 jpsxdec.indexing.DiscIndexer INFO: Adding disc item ID:SYSTEM.CNF|Sectors:172917-172917|Type:File|Size:67|Path:SYSTEM.CNF|Has mode 2 form 2:No|Has CD audio:No
02:58 jpsxdec.modules.video.sectorbased.fps.StrFrameRateCalc INFO: Matching fps sequence: "10.0 sectors/frame" 10 length 6500 matches@0 1:1=true
02:58 jpsxdec.modules.video.sectorbased.fps.StrFrameRateCalc INFO: Possible frame rates: [2, 5, 10] Chose 10
02:58 jpsxdec.modules.video.sectorbased.fps.StrFrameRateCalc INFO: Sectors 166297-172796 (6500) frames 650 average 10 CASE1001011 old 10 new 10 @000000 vfr false 10.0 sectors/frame
02:58 jpsxdec.indexing.DiscIndexer INFO: Adding disc item Sectors:166297-172796|Type:Video|Dimensions:320x224|Frame Count:650|Sector Frames:166297-172787|Sectors/Frame:10/1|1st frame end sector:9|Header Frames:1-650
02:58 index INFO: Time: 10.02 sec
02:58 jpsxdec.indexing.SectorTypeCounter INFO: ISO9660 Directory Records 1
02:58 jpsxdec.indexing.SectorTypeCounter INFO: ISO9660 Volume Primary Descriptor 1
02:58 jpsxdec.indexing.SectorTypeCounter INFO: STR Str 150486
02:58 jpsxdec.indexing.SectorTypeCounter INFO: Unknown 120719
02:58 jpsxdec.indexing.SectorTypeCounter INFO: XA Audio 21604
02:58 jpsxdec.indexing.SectorTypeCounter INFO: XA Empty 4
02:58 jpsxdec.modules.video.save.VDP INFO: Bitstream format: BitStreamUncompressor_STRv2
02:59 jpsxdec.modules.video.save.VDP INFO: Bitstream format: BitStreamUncompressor_STRv2
02:59 jpsxdec.i18n.log.DebugLogger WARNING: Frame in sectors 73785-73791 is missing chunk 7
02:59 jpsxdec.i18n.log.DebugLogger WARNING: Frame in sectors 73785-73791 is missing chunk 8
02:59 jpsxdec.modules.video.save.VDP INFO: Bitstream format: BitStreamUncompressor_STRv2
02:59 jpsxdec.i18n.log.DebugLogger WARNING: Frame in sectors 84379-84383 is missing chunk 5
02:59 jpsxdec.i18n.log.DebugLogger WARNING: Frame in sectors 84379-84383 is missing chunk 6
02:59 jpsxdec.i18n.log.DebugLogger WARNING: Frame in sectors 84379-84383 is missing chunk 7
02:59 jpsxdec.i18n.log.DebugLogger WARNING: Frame in sectors 84379-84383 is missing chunk 8
02:59 jpsxdec.modules.video.save.VDP INFO: Bitstream format: BitStreamUncompressor_STRv2
03:00 jpsxdec.modules.video.save.VDP INFO: Bitstream format: BitStreamUncompressor_STRv2
